date,lat,lon,co
07/02/2018 10:57:01,19.33051,-99.18683,2.653
07/02/2018 10:57:02,19.33051667,-99.18684,2.448
07/02/2018 10:57:03,19.33052333,-99.18685,2.243
07/02/2018 10:57:04,19.33053,-99.18686,2.037
07/02/2018 10:57:05,19.33053,-99.186865,1.832
07/02/2018 10:57:06,19.33053,-99.18687,1.627
07/02/2018 10:57:07,19.33053667,-99.18687,1.610
07/02/2018 10:57:08,19.33054333,-99.18687,1.593
07/02/2018 10:57:09,19.33055,-99.18687,1.576
07/02/2018 10:57:10,19.33055,-99.18686333,1.559
07/02/2018 10:57:11,19.33055,-99.18685667,1.541
07/02/2018 10:57:12,19.33055,-99.18685,1.524
07/02/2018 10:57:13,19.33054667,-99.18684667,1.507
07/02/2018 10:57:14,19.33054333,-99.18684333,1.490
07/02/2018 10:57:15,19.33054,-99.18684,1.473
07/02/2018 10:57:16,19.33055,-99.18683667,1.456
07/02/2018 10:57:17,19.33056,-99.18683333,1.439
07/02/2018 10:57:18,19.33057,-99.18683,1.422
07/02/2018 10:57:19,19.33057182,-99.18682909,1.405
07/02/2018 10:57:20,19.33057364,-99.18682818,1.388
07/02/2018 10:57:21,19.33057545,-99.18682727,1.370
07/02/2018 10:57:22,19.33057727,-99.18682636,1.353
07/02/2018 10:57:23,19.33057909,-99.18682545,1.336
07/02/2018 10:57:24,19.33058091,-99.18682455,1.319
07/02/2018 10:57:25,19.33058273,-99.18682364,1.302
07/02/2018 10:57:26,19.33058455,-99.18682273,1.285
07/02/2018 10:57:27,19.33058636,-99.18682182,1.268
07/02/2018 10:57:28,19.33058818,-99.18682091,1.251
07/02/2018 10:57:29,19.33059,-99.18682,1.234
07/02/2018 10:57:30,19.33057333,-99.18682667,1.216
07/02/2018 10:57:31,19.33055667,-99.18683333,1.199
07/02/2018 10:57:32,19.33054,-99.18684,1.182
07/02/2018 10:57:33,19.330542,-99.18684,1.165
07/02/2018 10:57:34,19.330544,-99.18684,1.148
07/02/2018 10:57:35,19.330546,-99.18684,1.131
07/02/2018 10:57:36,19.330548,-99.18684,1.114
07/02/2018 10:57:37,19.33055,-99.18684,1.131
07/02/2018 10:57:38,19.330552,-99.18684,1.148
07/02/2018 10:57:39,19.330554,-99.18684,1.165
07/02/2018 10:57:40,19.330556,-99.18684,1.182
07/02/2018 10:57:41,19.330558,-99.18684,1.199
07/02/2018 10:57:42,19.33056,-99.18684,1.216
07/02/2018 10:57:43,19.33056333,-99.18684,1.234
07/02/2018 10:57:44,19.33056667,-99.18684,1.251
07/02/2018 10:57:45,19.33057,-99.18684,1.268
07/02/2018 10:57:46,19.3305725,-99.18684,1.285
07/02/2018 10:57:47,19.330575,-99.18684,1.302
07/02/2018 10:57:48,19.3305775,-99.18684,1.319
07/02/2018 10:57:49,19.33058,-99.18684,1.336
07/02/2018 10:57:50,19.3305825,-99.18684,1.353
07/02/2018 10:57:51,19.330585,-99.18684,1.370
07/02/2018 10:57:52,19.3305875,-99.18684,1.388
07/02/2018 10:57:53,19.33059,-99.18684,1.405
07/02/2018 10:57:54,19.3305925,-99.18684,1.422
07/02/2018 10:57:55,19.330595,-99.18684,1.439
07/02/2018 10:57:56,19.3305975,-99.18684,1.456
07/02/2018 10:57:57,19.3306,-99.18684,1.473
07/02/2018 10:57:58,19.3306,-99.18683667,1.490
07/02/2018 10:57:59,19.3306,-99.18683333,1.507
07/02/2018 10:58:00,19.3306,-99.18683,1.524
07/02/2018 10:58:01,19.33061,-99.18684083,1.541
07/02/2018 10:58:02,19.33062,-99.18685167,1.559
07/02/2018 10:58:03,19.33063,-99.1868625,1.576
07/02/2018 10:58:04,19.33064,-99.18687333,1.593
07/02/2018 10:58:05,19.33065,-99.18688417,1.610
07/02/2018 10:58:06,19.33066,-99.186895,1.627
07/02/2018 10:58:07,19.33067,-99.18690583,1.627
07/02/2018 10:58:08,19.33068,-99.18691667,1.627
07/02/2018 10:58:09,19.33069,-99.1869275,1.627
07/02/2018 10:58:10,19.3307,-99.18693833,1.627
07/02/2018 10:58:11,19.33071,-99.18694917,1.627
07/02/2018 10:58:12,19.33072,-99.18696,1.627
07/02/2018 10:58:13,19.33072,-99.187,1.627
07/02/2018 10:58:14,19.33072,-99.18704,1.627
07/02/2018 10:58:15,19.33075333,-99.18706,1.627
07/02/2018 10:58:16,19.33078667,-99.18708,1.627
07/02/2018 10:58:17,19.33082,-99.1871,1.627
07/02/2018 10:58:18,19.33084333,-99.18713667,1.627
07/02/2018 10:58:19,19.33086667,-99.18717333,1.627
07/02/2018 10:58:20,19.33089,-99.18721,1.627
07/02/2018 10:58:21,19.3309,-99.187225,1.627
07/02/2018 10:58:22,19.33091,-99.18724,1.627
07/02/2018 10:58:23,19.33090333,-99.18726,1.627
07/02/2018 10:58:24,19.33089667,-99.18728,1.627
07/02/2018 10:58:25,19.33089,-99.1873,1.627
07/02/2018 10:58:26,19.33087667,-99.18733333,1.627
07/02/2018 10:58:27,19.33086333,-99.18736667,1.627
07/02/2018 10:58:28,19.33085,-99.1874,1.627
07/02/2018 10:58:29,19.33087,-99.18745,1.627
07/02/2018 10:58:30,19.33089,-99.1875,1.627
07/02/2018 10:58:31,19.33091,-99.18755,1.627
07/02/2018 10:58:32,19.33086,-99.187555,1.627
07/02/2018 10:58:33,19.33081,-99.18756,1.627
07/02/2018 10:58:34,19.33080333,-99.18758333,1.627
07/02/2018 10:58:35,19.33079667,-99.18760667,1.627
07/02/2018 10:58:36,19.33079,-99.18763,1.627
07/02/2018 10:58:37,19.33077,-99.18766667,1.678
07/02/2018 10:58:38,19.33075,-99.18770333,1.730
07/02/2018 10:58:39,19.33073,-99.18774,1.781
07/02/2018 10:58:40,19.33069,-99.18774,1.832
07/02/2018 10:58:41,19.33065,-99.18774,1.884
07/02/2018 10:58:42,19.330655,-99.18773,1.935
07/02/2018 10:58:43,19.33066,-99.18772,1.986
07/02/2018 10:58:44,19.330635,-99.187745,2.037
07/02/2018 10:58:45,19.33061,-99.18777,2.089
07/02/2018 10:58:46,19.33057667,-99.18783333,2.140
07/02/2018 10:58:47,19.33054333,-99.18789667,2.191
07/02/2018 10:58:48,19.33051,-99.18796,2.243
07/02/2018 10:58:49,19.33052,-99.18802667,2.294
07/02/2018 10:58:50,19.33053,-99.18809333,2.345
07/02/2018 10:58:51,19.33054,-99.18816,2.397
07/02/2018 10:58:52,19.33054,-99.188185,2.448
07/02/2018 10:58:53,19.33054,-99.18821,2.499
07/02/2018 10:58:54,19.330515,-99.188235,2.551
07/02/2018 10:58:55,19.33049,-99.18826,2.602
07/02/2018 10:58:56,19.33049,-99.18831,2.653
07/02/2018 10:58:57,19.33049,-99.18836,2.705
07/02/2018 10:58:58,19.33049,-99.18841,2.756
07/02/2018 10:58:59,19.330495,-99.188445,2.807
07/02/2018 10:59:00,19.3305,-99.18848,2.858
07/02/2018 10:59:01,19.33048333,-99.18850667,2.910
07/02/2018 10:59:02,19.33046667,-99.18853333,2.961
07/02/2018 10:59:03,19.33045,-99.18856,3.012
07/02/2018 10:59:04,19.33044,-99.18858667,3.064
07/02/2018 10:59:05,19.33043,-99.18861333,3.115
07/02/2018 10:59:06,19.33042,-99.18864,3.166
07/02/2018 10:59:07,19.33042333,-99.18865333,3.115
07/02/2018 10:59:08,19.33042667,-99.18866667,3.064
07/02/2018 10:59:09,19.33043,-99.18868,3.012
07/02/2018 10:59:10,19.330435,-99.188715,2.961
07/02/2018 10:59:11,19.33044,-99.18875,2.910
07/02/2018 10:59:12,19.33045333,-99.18879667,2.858
07/02/2018 10:59:13,19.33046667,-99.18884333,2.807
07/02/2018 10:59:14,19.33048,-99.18889,2.756
07/02/2018 10:59:15,19.33049,-99.18892,2.705
07/02/2018 10:59:16,19.3305,-99.18895,2.653
07/02/2018 10:59:17,19.33053,-99.18898667,2.602
07/02/2018 10:59:18,19.33056,-99.18902333,2.551
07/02/2018 10:59:19,19.33059,-99.18906,2.499
07/02/2018 10:59:20,19.330635,-99.189095,2.448
07/02/2018 10:59:21,19.33068,-99.18913,2.397
07/02/2018 10:59:22,19.33074,-99.18914333,2.345
07/02/2018 10:59:23,19.3308,-99.18915667,2.294
07/02/2018 10:59:24,19.33086,-99.18917,2.243
07/02/2018 10:59:25,19.33092667,-99.18917667,2.191
07/02/2018 10:59:26,19.33099333,-99.18918333,2.140
07/02/2018 10:59:27,19.33106,-99.18919,2.089
07/02/2018 10:59:28,19.331145,-99.1892,2.037
07/02/2018 10:59:29,19.33123,-99.18921,1.986
07/02/2018 10:59:30,19.33131667,-99.18924333,1.935
07/02/2018 10:59:31,19.33140333,-99.18927667,1.884
07/02/2018 10:59:32,19.33149,-99.18931,1.832
07/02/2018 10:59:33,19.33158,-99.18932333,1.781
07/02/2018 10:59:34,19.33167,-99.18933667,1.730
07/02/2018 10:59:35,19.33176,-99.18935,1.678
07/02/2018 10:59:36,19.33185667,-99.18936333,1.627
07/02/2018 10:59:37,19.33195333,-99.18937667,1.605
07/02/2018 10:59:38,19.33205,-99.18939,1.584
07/02/2018 10:59:39,19.33214,-99.18939,1.562
07/02/2018 10:59:40,19.33223,-99.18939,1.541
07/02/2018 10:59:41,19.33231333,-99.18939333,1.519
07/02/2018 10:59:42,19.33239667,-99.18939667,1.497
07/02/2018 10:59:43,19.33248,-99.1894,1.476
07/02/2018 10:59:44,19.33254,-99.18940333,1.454
07/02/2018 10:59:45,19.3326,-99.18940667,1.433
07/02/2018 10:59:46,19.33266,-99.18941,1.411
07/02/2018 10:59:47,19.33269333,-99.18941667,1.390
07/02/2018 10:59:48,19.33272667,-99.18942333,1.368
07/02/2018 10:59:49,19.33276,-99.18943,1.346
07/02/2018 10:59:50,19.332765,-99.18943,1.325
07/02/2018 10:59:51,19.33277,-99.18943,1.303
07/02/2018 10:59:52,19.33276667,-99.18943,1.282
07/02/2018 10:59:53,19.33276333,-99.18943,1.260
07/02/2018 10:59:54,19.33276,-99.18943,1.238
07/02/2018 10:59:55,19.332755,-99.189425,1.217
07/02/2018 10:59:56,19.33275,-99.18942,1.195
07/02/2018 10:59:57,19.33275,-99.18942,1.174
07/02/2018 10:59:58,19.33275,-99.18942,1.152
07/02/2018 10:59:59,19.33275,-99.18942,1.130
07/02/2018 11:00:00,19.332765,-99.18942,1.109
07/02/2018 11:00:01,19.33278,-99.18942,1.087
07/02/2018 11:00:02,19.33282364,-99.18942273,1.066
07/02/2018 11:00:03,19.33286727,-99.18942545,1.044
07/02/2018 11:00:04,19.33291091,-99.18942818,1.022
07/02/2018 11:00:05,19.33295455,-99.18943091,1.001
07/02/2018 11:00:06,19.33299818,-99.18943364,0.979
07/02/2018 11:00:07,19.33304182,-99.18943636,0.996
07/02/2018 11:00:08,19.33308545,-99.18943909,1.013
07/02/2018 11:00:09,19.33312909,-99.18944182,1.030
07/02/2018 11:00:10,19.33317273,-99.18944455,1.047
07/02/2018 11:00:11,19.33321636,-99.18944727,1.064
07/02/2018 11:00:12,19.33326,-99.18945,1.082
07/02/2018 11:00:13,19.333315,-99.18946,1.099
07/02/2018 11:00:14,19.33337,-99.18947,1.116
07/02/2018 11:00:15,19.33343667,-99.18947667,1.133
07/02/2018 11:00:16,19.33350333,-99.18948333,1.150
07/02/2018 11:00:17,19.33357,-99.18949,1.167
07/02/2018 11:00:18,19.33364,-99.1895,1.184
07/02/2018 11:00:19,19.33371,-99.18951,1.201
07/02/2018 11:00:20,19.33377667,-99.18952,1.218
07/02/2018 11:00:21,19.33384333,-99.18953,1.235
07/02/2018 11:00:22,19.33391,-99.18954,1.252
07/02/2018 11:00:23,19.33397667,-99.18954667,1.269
07/02/2018 11:00:24,19.33404333,-99.18955333,1.286
07/02/2018 11:00:25,19.33411,-99.18956,1.303
07/02/2018 11:00:26,19.33417,-99.18957,1.320
07/02/2018 11:00:27,19.33423,-99.18958,1.337
07/02/2018 11:00:28,19.33428,-99.18954333,1.354
07/02/2018 11:00:29,19.33433,-99.18950667,1.371
07/02/2018 11:00:30,19.33438,-99.18947,1.388
07/02/2018 11:00:31,19.33442667,-99.18943,1.405
07/02/2018 11:00:32,19.33447333,-99.18939,1.422
07/02/2018 11:00:33,19.33452,-99.18935,1.439
07/02/2018 11:00:34,19.334525,-99.189315,1.456
07/02/2018 11:00:35,19.33453,-99.18928,1.473
07/02/2018 11:00:36,19.33453,-99.18927667,1.490
07/02/2018 11:00:37,19.33453,-99.18927333,1.512
07/02/2018 11:00:38,19.33453,-99.18927,1.534
07/02/2018 11:00:39,19.33453,-99.18927,1.555
07/02/2018 11:00:40,19.33453,-99.18927,1.577
07/02/2018 11:00:41,19.33453,-99.18926667,1.599
07/02/2018 11:00:42,19.33453,-99.18926333,1.620
07/02/2018 11:00:43,19.33453,-99.18926,1.642
07/02/2018 11:00:44,19.33453,-99.18926,1.664
07/02/2018 11:00:45,19.33453,-99.18926,1.685
07/02/2018 11:00:46,19.33453333,-99.18922333,1.707
07/02/2018 11:00:47,19.33453667,-99.18918667,1.729
07/02/2018 11:00:48,19.33454,-99.18915,1.750
07/02/2018 11:00:49,19.33454,-99.18914818,1.772
07/02/2018 11:00:50,19.33454,-99.18914636,1.794
07/02/2018 11:00:51,19.33454,-99.18914455,1.815
07/02/2018 11:00:52,19.33454,-99.18914273,1.837
07/02/2018 11:00:53,19.33454,-99.18914091,1.859
07/02/2018 11:00:54,19.33454,-99.18913909,1.880
07/02/2018 11:00:55,19.33454,-99.18913727,1.902
07/02/2018 11:00:56,19.33454,-99.18913545,1.924
07/02/2018 11:00:57,19.33454,-99.18913364,1.945
07/02/2018 11:00:58,19.33454,-99.18913182,1.967
07/02/2018 11:00:59,19.33454,-99.18913,1.989
07/02/2018 11:01:00,19.334545,-99.18912,2.010
07/02/2018 11:01:01,19.33455,-99.18911,2.032
07/02/2018 11:01:02,19.33455364,-99.18905727,2.053
07/02/2018 11:01:03,19.33455727,-99.18900455,2.075
07/02/2018 11:01:04,19.33456091,-99.18895182,2.097
07/02/2018 11:01:05,19.33456455,-99.18889909,2.118
07/02/2018 11:01:06,19.33456818,-99.18884636,2.140
07/02/2018 11:01:07,19.33457182,-99.18879364,2.123
07/02/2018 11:01:08,19.33457545,-99.18874091,2.106
07/02/2018 11:01:09,19.33457909,-99.18868818,2.089
07/02/2018 11:01:10,19.33458273,-99.18863545,2.072
07/02/2018 11:01:11,19.33458636,-99.18858273,2.055
07/02/2018 11:01:12,19.33459,-99.18853,2.037
07/02/2018 11:01:13,19.33460333,-99.18844,2.020
07/02/2018 11:01:14,19.33461667,-99.18835,2.003
07/02/2018 11:01:15,19.33463,-99.18826,1.986
07/02/2018 11:01:16,19.33464,-99.188175,1.969
07/02/2018 11:01:17,19.33465,-99.18809,1.952
07/02/2018 11:01:18,19.33465333,-99.18804,1.935
07/02/2018 11:01:19,19.33465667,-99.18799,1.918
07/02/2018 11:01:20,19.33466,-99.18794,1.901
07/02/2018 11:01:21,19.33466667,-99.18793667,1.884
07/02/2018 11:01:22,19.33467333,-99.18793333,1.866
07/02/2018 11:01:23,19.33468,-99.18793,1.849
07/02/2018 11:01:24,19.33468,-99.18793,1.832
07/02/2018 11:01:25,19.33468,-99.18793,1.815
07/02/2018 11:01:26,19.33468,-99.18793,1.798
07/02/2018 11:01:27,19.33468,-99.18793,1.781
07/02/2018 11:01:28,19.33468,-99.18793,1.764
07/02/2018 11:01:29,19.33468,-99.18793,1.747
07/02/2018 11:01:30,19.33468,-99.18793,1.730
07/02/2018 11:01:31,19.33468,-99.18793,1.713
07/02/2018 11:01:32,19.334685,-99.1879,1.695
07/02/2018 11:01:33,19.33469,-99.18787,1.678
07/02/2018 11:01:34,19.334692,-99.187855,1.661
07/02/2018 11:01:35,19.334694,-99.18784,1.644
07/02/2018 11:01:36,19.334696,-99.187825,1.627
07/02/2018 11:01:37,19.334698,-99.18781,1.644
07/02/2018 11:01:38,19.3347,-99.187795,1.661
07/02/2018 11:01:39,19.334702,-99.18778,1.678
07/02/2018 11:01:40,19.334704,-99.187765,1.695
07/02/2018 11:01:41,19.334706,-99.18775,1.713
07/02/2018 11:01:42,19.334708,-99.187735,1.730
07/02/2018 11:01:43,19.33471,-99.18772,1.747
07/02/2018 11:01:44,19.33471,-99.18772,1.764
07/02/2018 11:01:45,19.33471,-99.18772,1.781
07/02/2018 11:01:46,19.33471,-99.18772,1.798
07/02/2018 11:01:47,19.33471,-99.18772,1.815
07/02/2018 11:01:48,19.33471,-99.18772,1.832
07/02/2018 11:01:49,19.33471,-99.18772,1.849
07/02/2018 11:01:50,19.33471,-99.18772,1.866
07/02/2018 11:01:51,19.33471,-99.187715,1.884
07/02/2018 11:01:52,19.33471,-99.18771,1.901
07/02/2018 11:01:53,19.33471333,-99.18768667,1.918
07/02/2018 11:01:54,19.33471667,-99.18766333,1.935
07/02/2018 11:01:55,19.33472,-99.18764,1.952
07/02/2018 11:01:56,19.33472917,-99.18758583,1.969
07/02/2018 11:01:57,19.33473833,-99.18753167,1.986
07/02/2018 11:01:58,19.3347475,-99.1874775,2.003
07/02/2018 11:01:59,19.33475667,-99.18742333,2.020
07/02/2018 11:02:00,19.33476583,-99.18736917,2.037
07/02/2018 11:02:01,19.334775,-99.187315,2.055
07/02/2018 11:02:02,19.33478417,-99.18726083,2.072
07/02/2018 11:02:03,19.33479333,-99.18720667,2.089
07/02/2018 11:02:04,19.3348025,-99.1871525,2.106
07/02/2018 11:02:05,19.33481167,-99.18709833,2.123
07/02/2018 11:02:06,19.33482083,-99.18704417,2.140
07/02/2018 11:02:07,19.33483,-99.18699,2.174
07/02/2018 11:02:08,19.33484333,-99.18689667,2.209
07/02/2018 11:02:09,19.33485667,-99.18680333,2.243
07/02/2018 11:02:10,19.33487,-99.18671,2.277
07/02/2018 11:02:11,19.33488,-99.18661,2.311
07/02/2018 11:02:12,19.33489,-99.18651,2.345
07/02/2018 11:02:13,19.33490333,-99.18642,2.380
07/02/2018 11:02:14,19.33491667,-99.18633,2.414
07/02/2018 11:02:15,19.33493,-99.18624,2.448
07/02/2018 11:02:16,19.33494,-99.18616,2.482
07/02/2018 11:02:17,19.33495,-99.18608,2.516
07/02/2018 11:02:18,19.33495333,-99.18605333,2.551
07/02/2018 11:02:19,19.33495667,-99.18602667,2.585
07/02/2018 11:02:20,19.33496,-99.186,2.619
07/02/2018 11:02:21,19.33496667,-99.18592667,2.653
07/02/2018 11:02:22,19.33497333,-99.18585333,2.687
07/02/2018 11:02:23,19.33498,-99.18578,2.722
07/02/2018 11:02:24,19.334985,-99.185755,2.756
07/02/2018 11:02:25,19.33499,-99.18573,2.790
07/02/2018 11:02:26,19.33499333,-99.1857,2.824
07/02/2018 11:02:27,19.33499667,-99.18567,2.858
07/02/2018 11:02:28,19.335,-99.18564,2.893
07/02/2018 11:02:29,19.33500333,-99.18561333,2.927
07/02/2018 11:02:30,19.33500667,-99.18558667,2.961
07/02/2018 11:02:31,19.33501,-99.18556,2.995
07/02/2018 11:02:32,19.33501333,-99.18551667,3.030
07/02/2018 11:02:33,19.33501667,-99.18547333,3.064
07/02/2018 11:02:34,19.33502,-99.18543,3.098
07/02/2018 11:02:35,19.335025,-99.185385,3.132
07/02/2018 11:02:36,19.33503,-99.18534,3.166
07/02/2018 11:02:37,19.33503667,-99.18528333,3.149
07/02/2018 11:02:38,19.33504333,-99.18522667,3.132
07/02/2018 11:02:39,19.33505,-99.18517,3.115
07/02/2018 11:02:40,19.335055,-99.18513,3.098
07/02/2018 11:02:41,19.33506,-99.18509,3.081
07/02/2018 11:02:42,19.33506333,-99.18506333,3.064
07/02/2018 11:02:43,19.33506667,-99.18503667,3.047
07/02/2018 11:02:44,19.33507,-99.18501,3.030
07/02/2018 11:02:45,19.33507,-99.18501,3.012
07/02/2018 11:02:46,19.33507,-99.18501,2.995
07/02/2018 11:02:47,19.33507,-99.18501,2.978
07/02/2018 11:02:48,19.33507,-99.18500333,2.961
07/02/2018 11:02:49,19.33507,-99.18499667,2.944
07/02/2018 11:02:50,19.33507,-99.18499,2.927
07/02/2018 11:02:51,19.33507,-99.18499,2.910
07/02/2018 11:02:52,19.33507,-99.18499,2.893
07/02/2018 11:02:53,19.33507,-99.18498667,2.876
07/02/2018 11:02:54,19.33507,-99.18498333,2.858
07/02/2018 11:02:55,19.33507,-99.18498,2.841
07/02/2018 11:02:56,19.33507,-99.18496,2.824
07/02/2018 11:02:57,19.33507,-99.18494,2.807
07/02/2018 11:02:58,19.33507,-99.18492,2.790
07/02/2018 11:02:59,19.33507545,-99.18487818,2.773
07/02/2018 11:03:00,19.33508091,-99.18483636,2.756
07/02/2018 11:03:01,19.33508636,-99.18479455,2.739
07/02/2018 11:03:02,19.33509182,-99.18475273,2.722
07/02/2018 11:03:03,19.33509727,-99.18471091,2.705
07/02/2018 11:03:04,19.33510273,-99.18466909,2.687
07/02/2018 11:03:05,19.33510818,-99.18462727,2.670
07/02/2018 11:03:06,19.33511364,-99.18458545,2.653
07/02/2018 11:03:07,19.33511909,-99.18454364,2.658
07/02/2018 11:03:08,19.33512455,-99.18450182,2.663
07/02/2018 11:03:09,19.33513,-99.18446,2.667
07/02/2018 11:03:10,19.33513,-99.18445,2.672
07/02/2018 11:03:11,19.33513,-99.18444,2.677
07/02/2018 11:03:12,19.33514667,-99.18434333,2.681
07/02/2018 11:03:13,19.33516333,-99.18424667,2.686
07/02/2018 11:03:14,19.33518,-99.18415,2.691
07/02/2018 11:03:15,19.33517667,-99.18408667,2.695
07/02/2018 11:03:16,19.33517333,-99.18402333,2.700
07/02/2018 11:03:17,19.33517,-99.18396,2.705
07/02/2018 11:03:18,19.335175,-99.18389,2.710
07/02/2018 11:03:19,19.33518,-99.18382,2.714
07/02/2018 11:03:20,19.33518,-99.18376,2.719
07/02/2018 11:03:21,19.33518,-99.1837,2.724
07/02/2018 11:03:22,19.33518,-99.18364,2.728
07/02/2018 11:03:23,19.335185,-99.183585,2.733
07/02/2018 11:03:24,19.33519,-99.18353,2.738
07/02/2018 11:03:25,19.33519667,-99.18347333,2.742
07/02/2018 11:03:26,19.33520333,-99.18341667,2.747
07/02/2018 11:03:27,19.33521,-99.18336,2.752
07/02/2018 11:03:28,19.33522,-99.18332667,2.756
07/02/2018 11:03:29,19.33523,-99.18329333,2.761
07/02/2018 11:03:30,19.33524,-99.18326,2.766
07/02/2018 11:03:31,19.33524,-99.183255,2.771
07/02/2018 11:03:32,19.33524,-99.18325,2.775
07/02/2018 11:03:33,19.33524,-99.18325,2.780
07/02/2018 11:03:34,19.33524,-99.18325,2.785
07/02/2018 11:03:35,19.33524,-99.18325,2.789
07/02/2018 11:03:36,19.33524,-99.18325,2.794
07/02/2018 11:03:37,19.33524,-99.18325,2.811
07/02/2018 11:03:38,19.33524,-99.18324667,2.828
07/02/2018 11:03:39,19.33524,-99.18324333,2.846
07/02/2018 11:03:40,19.33524,-99.18324,2.863
07/02/2018 11:03:41,19.33524333,-99.18322667,2.880
07/02/2018 11:03:42,19.33524667,-99.18321333,2.897
07/02/2018 11:03:43,19.33525,-99.1832,2.914
07/02/2018 11:03:44,19.335242,-99.183141,2.931
07/02/2018 11:03:45,19.335234,-99.183082,2.949
07/02/2018 11:03:46,19.335226,-99.183023,2.966
07/02/2018 11:03:47,19.335218,-99.182964,2.983
07/02/2018 11:03:48,19.33521,-99.182905,3.000
07/02/2018 11:03:49,19.335202,-99.182846,3.017
07/02/2018 11:03:50,19.335194,-99.182787,3.034
07/02/2018 11:03:51,19.335186,-99.182728,3.052
07/02/2018 11:03:52,19.335178,-99.182669,3.069
07/02/2018 11:03:53,19.33517,-99.18261,3.086
07/02/2018 11:03:54,19.33515,-99.18254,3.103
07/02/2018 11:03:55,19.33513,-99.18247,3.120
07/02/2018 11:03:56,19.33511,-99.1824,3.137
07/02/2018 11:03:57,19.3351,-99.18231667,3.155
07/02/2018 11:03:58,19.33509,-99.18223333,3.172
07/02/2018 11:03:59,19.33508,-99.18215,3.189
07/02/2018 11:04:00,19.335075,-99.182075,3.206
07/02/2018 11:04:01,19.33507,-99.182,3.223
07/02/2018 11:04:02,19.33505,-99.1819,3.241
07/02/2018 11:04:03,19.33503,-99.1818,3.258
07/02/2018 11:04:04,19.33501,-99.1817,3.275
07/02/2018 11:04:05,19.33499,-99.181615,3.292
07/02/2018 11:04:06,19.33497,-99.18153,3.309
07/02/2018 11:04:07,19.33495,-99.18146,3.275
07/02/2018 11:04:08,19.33493,-99.18139,3.241
07/02/2018 11:04:09,19.33491,-99.18132,3.206
07/02/2018 11:04:10,19.33489333,-99.18127,3.172
07/02/2018 11:04:11,19.33487667,-99.18122,3.137
07/02/2018 11:04:12,19.33486,-99.18117,3.103
07/02/2018 11:04:13,19.33485,-99.18114667,3.069
07/02/2018 11:04:14,19.33484,-99.18112333,3.034
07/02/2018 11:04:15,19.33483,-99.1811,3.000
07/02/2018 11:04:16,19.334825,-99.181085,2.966
07/02/2018 11:04:17,19.33482,-99.18107,2.931
07/02/2018 11:04:18,19.33482,-99.18107,2.897
07/02/2018 11:04:19,19.33482,-99.18107,2.863
07/02/2018 11:04:20,19.33482,-99.18107,2.828
07/02/2018 11:04:21,19.33482,-99.18107,2.794
07/02/2018 11:04:22,19.33482,-99.18107,2.760
07/02/2018 11:04:23,19.33481667,-99.18105333,2.725
07/02/2018 11:04:24,19.33481333,-99.18103667,2.691
07/02/2018 11:04:25,19.33481,-99.18102,2.657
07/02/2018 11:04:26,19.3348,-99.180995,2.622
07/02/2018 11:04:27,19.33479,-99.18097,2.588
07/02/2018 11:04:28,19.33478,-99.18094,2.554
07/02/2018 11:04:29,19.33477,-99.18091,2.519
07/02/2018 11:04:30,19.33476,-99.18088,2.485
07/02/2018 11:04:31,19.33475,-99.180855,2.451
07/02/2018 11:04:32,19.33474,-99.18083,2.416
07/02/2018 11:04:33,19.33474,-99.18082667,2.382
07/02/2018 11:04:34,19.33474,-99.18082333,2.348
07/02/2018 11:04:35,19.33474,-99.18082,2.313
07/02/2018 11:04:36,19.33474,-99.18082,2.279
07/02/2018 11:04:37,19.33474,-99.18082,2.426
07/02/2018 11:04:38,19.33474,-99.18082,2.573
07/02/2018 11:04:39,19.33474,-99.18082,2.720
07/02/2018 11:04:40,19.33474,-99.18082,2.867
07/02/2018 11:04:41,19.33474,-99.18082,3.014
07/02/2018 11:04:42,19.33474,-99.18082,2.953
07/02/2018 11:04:43,19.33472,-99.18077,2.892
07/02/2018 11:04:44,19.33470727,-99.18073182,2.831
07/02/2018 11:04:45,19.33469455,-99.18069364,2.771
07/02/2018 11:04:46,19.33468182,-99.18065545,2.710
07/02/2018 11:04:47,19.33466909,-99.18061727,2.649
07/02/2018 11:04:48,19.33465636,-99.18057909,2.588
07/02/2018 11:04:49,19.33464364,-99.18054091,2.527
07/02/2018 11:04:50,19.33463091,-99.18050273,2.466
07/02/2018 11:04:51,19.33461818,-99.18046455,2.405
07/02/2018 11:04:52,19.33460545,-99.18042636,2.344
07/02/2018 11:04:53,19.33459273,-99.18038818,2.283
07/02/2018 11:04:54,19.33458,-99.18035,2.222
07/02/2018 11:04:55,19.33456,-99.18028333,2.161
07/02/2018 11:04:56,19.33454,-99.18021667,2.100
07/02/2018 11:04:57,19.33452,-99.18015,2.039
07/02/2018 11:04:58,19.334495,-99.18008,1.978
07/02/2018 11:04:59,19.33447,-99.18001,1.917
07/02/2018 11:05:00,19.33445,-99.17994333,1.856
07/02/2018 11:05:01,19.33443,-99.17987667,1.795
07/02/2018 11:05:02,19.33441,-99.17981,1.734
07/02/2018 11:05:03,19.33438333,-99.17973,1.673
07/02/2018 11:05:04,19.33435667,-99.17965,1.612
07/02/2018 11:05:05,19.33433,-99.17957,1.551
07/02/2018 11:05:06,19.33430333,-99.17949,1.490
07/02/2018 11:05:07,19.33427667,-99.17941,1.490
07/02/2018 11:05:08,19.33425,-99.17933,1.490
07/02/2018 11:05:09,19.33422,-99.17924,1.490
07/02/2018 11:05:10,19.33419,-99.17915,1.490
07/02/2018 11:05:11,19.33416,-99.17906,1.490
07/02/2018 11:05:12,19.33409,-99.17896,1.490
07/02/2018 11:05:13,19.33402,-99.17886,1.490
07/02/2018 11:05:14,19.33395,-99.17876,1.490
07/02/2018 11:05:15,19.33389667,-99.17873667,1.490
07/02/2018 11:05:16,19.33384333,-99.17871333,1.490
07/02/2018 11:05:17,19.33379,-99.17869,1.490
07/02/2018 11:05:18,19.33372667,-99.17868667,1.490
07/02/2018 11:05:19,19.33366333,-99.17868333,1.490
07/02/2018 11:05:20,19.3336,-99.17868,1.490
07/02/2018 11:05:21,19.333545,-99.178685,1.490
07/02/2018 11:05:22,19.33349,-99.17869,1.490
07/02/2018 11:05:23,19.33346,-99.17869,1.490
07/02/2018 11:05:24,19.33343,-99.17869,1.490
07/02/2018 11:05:25,19.33342667,-99.17869333,1.490
07/02/2018 11:05:26,19.33342333,-99.17869667,1.490
07/02/2018 11:05:27,19.33342,-99.1787,1.490
07/02/2018 11:05:28,19.33342,-99.17871667,1.490
07/02/2018 11:05:29,19.33342,-99.17873333,1.490
07/02/2018 11:05:30,19.33342,-99.17875,1.490
07/02/2018 11:05:31,19.33342,-99.17875,1.490
07/02/2018 11:05:32,19.33342,-99.17875,1.490
07/02/2018 11:05:33,19.33342,-99.17875,1.490
07/02/2018 11:05:34,19.33342,-99.17875,1.490
07/02/2018 11:05:35,19.33342,-99.17875,1.490
07/02/2018 11:05:36,19.33342,-99.17875,1.490
07/02/2018 11:05:37,19.33342,-99.17875,1.542
07/02/2018 11:05:38,19.33341333,-99.17875,1.593
07/02/2018 11:05:39,19.33340667,-99.17875,1.644
07/02/2018 11:05:40,19.3334,-99.17875,1.695
07/02/2018 11:05:41,19.33339091,-99.17874818,1.746
07/02/2018 11:05:42,19.33338182,-99.17874636,1.797
07/02/2018 11:05:43,19.33337273,-99.17874455,1.848
07/02/2018 11:05:44,19.33336364,-99.17874273,1.899
07/02/2018 11:05:45,19.33335455,-99.17874091,1.950
07/02/2018 11:05:46,19.33334545,-99.17873909,2.001
07/02/2018 11:05:47,19.33333636,-99.17873727,2.053
07/02/2018 11:05:48,19.33332727,-99.17873545,2.104
07/02/2018 11:05:49,19.33331818,-99.17873364,2.155
07/02/2018 11:05:50,19.33330909,-99.17873182,2.206
07/02/2018 11:05:51,19.3333,-99.17873,2.257
07/02/2018 11:05:52,19.3333,-99.17873,2.308
07/02/2018 11:05:53,19.3333,-99.17873,2.359
07/02/2018 11:05:54,19.3333,-99.17873,2.410
07/02/2018 11:05:55,19.3333,-99.17873,2.461
07/02/2018 11:05:56,19.3333,-99.17873,2.513
07/02/2018 11:05:57,19.3333,-99.17873,2.564
07/02/2018 11:05:58,19.3333,-99.17873,2.615
07/02/2018 11:05:59,19.33329667,-99.17873,2.666
07/02/2018 11:06:00,19.33329333,-99.17873,2.717
07/02/2018 11:06:01,19.33329,-99.17873,2.768
07/02/2018 11:06:02,19.33327667,-99.17873,2.819
07/02/2018 11:06:03,19.33326333,-99.17873,2.870
07/02/2018 11:06:04,19.33325,-99.17873,2.921
07/02/2018 11:06:05,19.333228,-99.178732,2.973
07/02/2018 11:06:06,19.333206,-99.178734,3.024
07/02/2018 11:06:07,19.333184,-99.178736,2.985
07/02/2018 11:06:08,19.333162,-99.178738,2.946
07/02/2018 11:06:09,19.33314,-99.17874,2.908
07/02/2018 11:06:10,19.333118,-99.178742,2.869
07/02/2018 11:06:11,19.333096,-99.178744,2.830
07/02/2018 11:06:12,19.333074,-99.178746,2.792
07/02/2018 11:06:13,19.333052,-99.178748,2.753
07/02/2018 11:06:14,19.33303,-99.17875,2.714
07/02/2018 11:06:15,19.33302333,-99.17875333,2.675
07/02/2018 11:06:16,19.33301667,-99.17875667,2.637
07/02/2018 11:06:17,19.33301,-99.17876,2.598
07/02/2018 11:06:18,19.33300667,-99.17876,2.559
07/02/2018 11:06:19,19.33300333,-99.17876,2.521
07/02/2018 11:06:20,19.333,-99.17876,2.482
07/02/2018 11:06:21,19.333,-99.17876,2.443
07/02/2018 11:06:22,19.333,-99.17876,2.405
07/02/2018 11:06:23,19.333,-99.17876,2.366
07/02/2018 11:06:24,19.333,-99.17876,2.327
07/02/2018 11:06:25,19.333,-99.17876,2.289
07/02/2018 11:06:26,19.33297333,-99.17876,2.250
07/02/2018 11:06:27,19.33294667,-99.17876,2.211
07/02/2018 11:06:28,19.33292,-99.17876,2.172
07/02/2018 11:06:29,19.33287364,-99.17876091,2.134
07/02/2018 11:06:30,19.33282727,-99.17876182,2.095
07/02/2018 11:06:31,19.33278091,-99.17876273,2.056
07/02/2018 11:06:32,19.33273455,-99.17876364,2.018
07/02/2018 11:06:33,19.33268818,-99.17876455,1.979
07/02/2018 11:06:34,19.33264182,-99.17876545,1.940
07/02/2018 11:06:35,19.33259545,-99.17876636,1.902
07/02/2018 11:06:36,19.33254909,-99.17876727,1.863
07/02/2018 11:06:37,19.33250273,-99.17876818,1.897
07/02/2018 11:06:38,19.33245636,-99.17876909,1.931
07/02/2018 11:06:39,19.33241,-99.17877,1.965
07/02/2018 11:06:40,19.33233333,-99.17877333,1.999
07/02/2018 11:06:41,19.33225667,-99.17877667,2.033
07/02/2018 11:06:42,19.33218,-99.17878,2.067
07/02/2018 11:06:43,19.33210333,-99.17878667,2.101
07/02/2018 11:06:44,19.33202667,-99.17879333,2.134
07/02/2018 11:06:45,19.33195,-99.1788,2.168
07/02/2018 11:06:46,19.33186333,-99.17880333,2.202
07/02/2018 11:06:47,19.33177667,-99.17880667,2.236
07/02/2018 11:06:48,19.33169,-99.17881,2.270
07/02/2018 11:06:49,19.33159333,-99.17882,2.304
07/02/2018 11:06:50,19.33149667,-99.17883,2.338
07/02/2018 11:06:51,19.3314,-99.17884,2.372
07/02/2018 11:06:52,19.3313,-99.17886,2.406
07/02/2018 11:06:53,19.3312,-99.17888,2.440
07/02/2018 11:06:54,19.33111333,-99.17890333,2.474
07/02/2018 11:06:55,19.33102667,-99.17892667,2.508
07/02/2018 11:06:56,19.33094,-99.17895,2.542
07/02/2018 11:06:57,19.33085,-99.17897,2.576
07/02/2018 11:06:58,19.33076,-99.17899,2.610
07/02/2018 11:06:59,19.33069333,-99.17900667,2.644
07/02/2018 11:07:00,19.33062667,-99.17902333,2.677
07/02/2018 11:07:01,19.33056,-99.17904,2.711
07/02/2018 11:07:02,19.33052,-99.17905667,2.745
07/02/2018 11:07:03,19.33048,-99.17907333,2.779
07/02/2018 11:07:04,19.33044,-99.17909,2.813
07/02/2018 11:07:05,19.330415,-99.17909,2.847
07/02/2018 11:07:06,19.33039,-99.17909,2.881
07/02/2018 11:07:07,19.33036667,-99.17907333,2.881
07/02/2018 11:07:08,19.33034333,-99.17905667,2.881
07/02/2018 11:07:09,19.33032,-99.17904,2.881
07/02/2018 11:07:10,19.33029667,-99.17902,2.881
07/02/2018 11:07:11,19.33027333,-99.179,2.881
07/02/2018 11:07:12,19.33025,-99.17898,2.881
07/02/2018 11:07:13,19.33026,-99.17893,2.881
07/02/2018 11:07:14,19.33027,-99.17888,2.881
07/02/2018 11:07:15,19.3303,-99.17884667,2.881
07/02/2018 11:07:16,19.33033,-99.17881333,2.881
07/02/2018 11:07:17,19.33036,-99.17878,2.881
07/02/2018 11:07:18,19.33042,-99.17877,2.881
07/02/2018 11:07:19,19.33048,-99.17876,2.881
07/02/2018 11:07:20,19.33054667,-99.17874,2.881
07/02/2018 11:07:21,19.33061333,-99.17872,2.881
07/02/2018 11:07:22,19.33068,-99.1787,2.881
07/02/2018 11:07:23,19.330755,-99.178685,2.881
07/02/2018 11:07:24,19.33083,-99.17867,2.881
07/02/2018 11:07:25,19.33091333,-99.17865667,2.881
07/02/2018 11:07:26,19.33099667,-99.17864333,2.881
07/02/2018 11:07:27,19.33108,-99.17863,2.881
07/02/2018 11:07:28,19.33115,-99.178615,2.881
07/02/2018 11:07:29,19.33122,-99.1786,2.881
07/02/2018 11:07:30,19.33127,-99.17858333,2.881
07/02/2018 11:07:31,19.33132,-99.17856667,2.881
07/02/2018 11:07:32,19.33137,-99.17855,2.881
07/02/2018 11:07:33,19.33139333,-99.17850667,2.881
07/02/2018 11:07:34,19.33141667,-99.17846333,2.881
07/02/2018 11:07:35,19.33144,-99.17842,2.881
07/02/2018 11:07:36,19.331435,-99.178305,2.881
07/02/2018 11:07:37,19.33143,-99.17819,2.847
07/02/2018 11:07:38,19.33140667,-99.17811333,2.813
07/02/2018 11:07:39,19.33138333,-99.17803667,2.779
07/02/2018 11:07:40,19.33136,-99.17796,2.745
07/02/2018 11:07:41,19.331335,-99.177885,2.711
07/02/2018 11:07:42,19.33131,-99.17781,2.677
07/02/2018 11:07:43,19.33129,-99.177745,2.644
07/02/2018 11:07:44,19.33127,-99.17768,2.610
07/02/2018 11:07:45,19.33125667,-99.17763667,2.576
07/02/2018 11:07:46,19.33124333,-99.17759333,2.542
07/02/2018 11:07:47,19.33123,-99.17755,2.508
07/02/2018 11:07:48,19.33123,-99.17755,2.474
07/02/2018 11:07:49,19.33123,-99.17755,2.440
07/02/2018 11:07:50,19.33119333,-99.17745333,2.406
07/02/2018 11:07:51,19.33115667,-99.17735667,2.372
07/02/2018 11:07:52,19.33112,-99.17726,2.338
07/02/2018 11:07:53,19.3311,-99.177205,2.304
07/02/2018 11:07:54,19.33108,-99.17715,2.270
07/02/2018 11:07:55,19.33105667,-99.17708,2.236
07/02/2018 11:07:56,19.33103333,-99.17701,2.202
07/02/2018 11:07:57,19.33101,-99.17694,2.168
07/02/2018 11:07:58,19.33097667,-99.17690667,2.134
07/02/2018 11:07:59,19.33094333,-99.17687333,2.101
07/02/2018 11:08:00,19.33091,-99.17684,2.067
07/02/2018 11:08:01,19.33085667,-99.17680667,2.033
07/02/2018 11:08:02,19.33080333,-99.17677333,1.999
07/02/2018 11:08:03,19.33075,-99.17674,1.965
07/02/2018 11:08:04,19.33069,-99.1767,1.931
07/02/2018 11:08:05,19.33063,-99.17666,1.897
07/02/2018 11:08:06,19.33057667,-99.17662667,1.863
07/02/2018 11:08:07,19.33052333,-99.17659333,1.863
07/02/2018 11:08:08,19.33047,-99.17656,1.863
07/02/2018 11:08:09,19.33042,-99.17653,1.863
07/02/2018 11:08:10,19.33037,-99.1765,1.863
07/02/2018 11:08:11,19.33032,-99.17646667,1.863
07/02/2018 11:08:12,19.33027,-99.17643333,1.863
07/02/2018 11:08:13,19.33022,-99.1764,1.863
07/02/2018 11:08:14,19.33017,-99.17637,1.863
07/02/2018 11:08:15,19.33012,-99.17634,1.863
07/02/2018 11:08:16,19.33006,-99.1763,1.863
07/02/2018 11:08:17,19.33,-99.17626,1.863
07/02/2018 11:08:18,19.32994,-99.17622,1.863
07/02/2018 11:08:19,19.32988667,-99.17618667,1.863
07/02/2018 11:08:20,19.32983333,-99.17615333,1.863
07/02/2018 11:08:21,19.32978,-99.17612,1.863
07/02/2018 11:08:22,19.32978,-99.17612,1.863
07/02/2018 11:08:23,19.32978,-99.17612,1.863
07/02/2018 11:08:24,19.32978,-99.17612,1.863
07/02/2018 11:08:25,19.329715,-99.176075,1.863
07/02/2018 11:08:26,19.32965,-99.17603,1.863
07/02/2018 11:08:27,19.32965,-99.17603,1.863
07/02/2018 11:08:28,19.32965,-99.17603,1.863
07/02/2018 11:08:29,19.32965,-99.17603,1.863
07/02/2018 11:08:30,19.32965,-99.17603,1.863
07/02/2018 11:08:31,19.32965,-99.17603,1.863
07/02/2018 11:08:32,19.32964667,-99.17602667,1.863
07/02/2018 11:08:33,19.32964333,-99.17602333,1.863
07/02/2018 11:08:34,19.32964,-99.17602,1.863
07/02/2018 11:08:35,19.32964,-99.17602,1.863
07/02/2018 11:08:36,19.32964,-99.17602,1.863
07/02/2018 11:08:37,19.32964,-99.17602,1.880
07/02/2018 11:08:38,19.32963333,-99.17601333,1.897
07/02/2018 11:08:39,19.32962667,-99.17600667,1.914
07/02/2018 11:08:40,19.32962,-99.176,1.931
07/02/2018 11:08:41,19.32958273,-99.17597,1.948
07/02/2018 11:08:42,19.32954545,-99.17594,1.965
07/02/2018 11:08:43,19.32950818,-99.17591,1.982
07/02/2018 11:08:44,19.32947091,-99.17588,1.999
07/02/2018 11:08:45,19.32943364,-99.17585,2.016
07/02/2018 11:08:46,19.32939636,-99.17582,2.033
07/02/2018 11:08:47,19.32935909,-99.17579,2.050
07/02/2018 11:08:48,19.32932182,-99.17576,2.067
07/02/2018 11:08:49,19.32928455,-99.17573,2.084
07/02/2018 11:08:50,19.32924727,-99.1757,2.101
07/02/2018 11:08:51,19.32921,-99.17567,2.118
07/02/2018 11:08:52,19.32915333,-99.17562,2.134
07/02/2018 11:08:53,19.32909667,-99.17557,2.151
07/02/2018 11:08:54,19.32904,-99.17552,2.168
07/02/2018 11:08:55,19.328975,-99.17548,2.185
07/02/2018 11:08:56,19.32891,-99.17544,2.202
07/02/2018 11:08:57,19.32882,-99.17541667,2.219
07/02/2018 11:08:58,19.32873,-99.17539333,2.236
07/02/2018 11:08:59,19.32864,-99.17537,2.253
07/02/2018 11:09:00,19.32853333,-99.17535667,2.270
07/02/2018 11:09:01,19.32842667,-99.17534333,2.287
07/02/2018 11:09:02,19.32832,-99.17533,2.304
07/02/2018 11:09:03,19.32821667,-99.17531333,2.321
07/02/2018 11:09:04,19.32811333,-99.17529667,2.338
07/02/2018 11:09:05,19.32801,-99.17528,2.355
07/02/2018 11:09:06,19.32791667,-99.17527,2.372
07/02/2018 11:09:07,19.32782333,-99.17526,2.370
07/02/2018 11:09:08,19.32773,-99.17525,2.367
07/02/2018 11:09:09,19.32765,-99.175235,2.365
07/02/2018 11:09:10,19.32757,-99.17522,2.363
07/02/2018 11:09:11,19.32749667,-99.17521,2.360
07/02/2018 11:09:12,19.32742333,-99.1752,2.358
07/02/2018 11:09:13,19.32735,-99.17519,2.356
07/02/2018 11:09:14,19.32731,-99.17518667,2.353
07/02/2018 11:09:15,19.32727,-99.17518333,2.351
07/02/2018 11:09:16,19.32723,-99.17518,2.349
07/02/2018 11:09:17,19.32715,-99.17517,2.346
07/02/2018 11:09:18,19.32707,-99.17516,2.344
07/02/2018 11:09:19,19.32699,-99.17515,2.342
07/02/2018 11:09:20,19.32695667,-99.17514333,2.339
07/02/2018 11:09:21,19.32692333,-99.17513667,2.337
07/02/2018 11:09:22,19.32689,-99.17513,2.335
07/02/2018 11:09:23,19.32685,-99.17512667,2.332
07/02/2018 11:09:24,19.32681,-99.17512333,2.330
07/02/2018 11:09:25,19.32677,-99.17512,2.328
07/02/2018 11:09:26,19.32673,-99.17511333,2.325
07/02/2018 11:09:27,19.32669,-99.17510667,2.323
07/02/2018 11:09:28,19.32665,-99.1751,2.321
07/02/2018 11:09:29,19.32664,-99.1751,2.318
07/02/2018 11:09:30,19.32663,-99.1751,2.316
07/02/2018 11:09:31,19.32663,-99.1751,2.314
07/02/2018 11:09:32,19.32663,-99.1751,2.311
07/02/2018 11:09:33,19.32663,-99.1751,2.309
07/02/2018 11:09:34,19.32663,-99.1751,2.307
07/02/2018 11:09:35,19.32663,-99.1751,2.304
07/02/2018 11:09:36,19.32663,-99.1751,2.302
07/02/2018 11:09:37,19.32663,-99.1751,2.300
07/02/2018 11:09:38,19.32661667,-99.17509667,2.297
07/02/2018 11:09:39,19.32660333,-99.17509333,2.295
07/02/2018 11:09:40,19.32659,-99.17509,2.293
07/02/2018 11:09:41,19.32653273,-99.17508545,2.290
07/02/2018 11:09:42,19.32647545,-99.17508091,2.288
07/02/2018 11:09:43,19.32641818,-99.17507636,2.285
07/02/2018 11:09:44,19.32636091,-99.17507182,2.283
07/02/2018 11:09:45,19.32630364,-99.17506727,2.281
07/02/2018 11:09:46,19.32624636,-99.17506273,2.278
07/02/2018 11:09:47,19.32618909,-99.17505818,2.276
07/02/2018 11:09:48,19.32613182,-99.17505364,2.274
07/02/2018 11:09:49,19.32607455,-99.17504909,2.271
07/02/2018 11:09:50,19.32601727,-99.17504455,2.269
07/02/2018 11:09:51,19.32596,-99.17504,2.267
07/02/2018 11:09:52,19.32589333,-99.17504333,2.264
07/02/2018 11:09:53,19.32582667,-99.17504667,2.262
07/02/2018 11:09:54,19.32576,-99.17505,2.260
07/02/2018 11:09:55,19.32569,-99.17506,2.257
07/02/2018 11:09:56,19.32562,-99.17507,2.255
07/02/2018 11:09:57,19.32555,-99.17508,2.253
07/02/2018 11:09:58,19.32547333,-99.17512667,2.250
07/02/2018 11:09:59,19.32539667,-99.17517333,2.248
07/02/2018 11:10:00,19.32532,-99.17522,2.246
07/02/2018 11:10:01,19.325235,-99.17527,2.243
07/02/2018 11:10:02,19.32515,-99.17532,2.241
07/02/2018 11:10:03,19.32508,-99.17536667,2.239
07/02/2018 11:10:04,19.32501,-99.17541333,2.236
07/02/2018 11:10:05,19.32494,-99.17546,2.234
07/02/2018 11:10:06,19.32488,-99.175525,2.232
07/02/2018 11:10:07,19.32482,-99.17559,2.240
07/02/2018 11:10:08,19.32476,-99.175665,2.249
07/02/2018 11:10:09,19.3247,-99.17574,2.257
07/02/2018 11:10:10,19.32464667,-99.17581333,2.265
07/02/2018 11:10:11,19.32459333,-99.17588667,2.274
07/02/2018 11:10:12,19.32454,-99.17596,2.282
07/02/2018 11:10:13,19.324485,-99.17603,2.291
07/02/2018 11:10:14,19.32443,-99.1761,2.299
07/02/2018 11:10:15,19.32436667,-99.17615,2.308
07/02/2018 11:10:16,19.32430333,-99.1762,2.316
07/02/2018 11:10:17,19.32424,-99.17625,2.325
07/02/2018 11:10:18,19.32417333,-99.17628,2.333
07/02/2018 11:10:19,19.32410667,-99.17631,2.342
07/02/2018 11:10:20,19.32404,-99.17634,2.350
07/02/2018 11:10:21,19.32398333,-99.17637333,2.358
07/02/2018 11:10:22,19.32392667,-99.17640667,2.367
07/02/2018 11:10:23,19.32387,-99.17644,2.375
07/02/2018 11:10:24,19.32381,-99.17647667,2.384
07/02/2018 11:10:25,19.32375,-99.17651333,2.392
07/02/2018 11:10:26,19.32369,-99.17655,2.401
07/02/2018 11:10:27,19.32365333,-99.17658667,2.409
07/02/2018 11:10:28,19.32361667,-99.17662333,2.418
07/02/2018 11:10:29,19.32358,-99.17666,2.426
07/02/2018 11:10:30,19.32355667,-99.17667333,2.434
07/02/2018 11:10:31,19.32353333,-99.17668667,2.443
07/02/2018 11:10:32,19.32351,-99.1767,2.451
07/02/2018 11:10:33,19.32351,-99.1767,2.460
07/02/2018 11:10:34,19.32351,-99.1767,2.468
07/02/2018 11:10:35,19.32351,-99.1767,2.477
07/02/2018 11:10:36,19.323505,-99.1767,2.485
07/02/2018 11:10:37,19.3235,-99.1767,2.494
07/02/2018 11:10:38,19.32349667,-99.17669667,2.502
07/02/2018 11:10:39,19.32349333,-99.17669333,2.511
07/02/2018 11:10:40,19.32349,-99.17669,2.519
07/02/2018 11:10:41,19.323495,-99.176695,2.527
07/02/2018 11:10:42,19.3235,-99.1767,2.536
07/02/2018 11:10:43,19.32349,-99.17670333,2.544
07/02/2018 11:10:44,19.32348,-99.17670667,2.553
07/02/2018 11:10:45,19.32347,-99.17671,2.561
07/02/2018 11:10:46,19.32346182,-99.17671909,2.570
07/02/2018 11:10:47,19.32345364,-99.17672818,2.578
07/02/2018 11:10:48,19.32344545,-99.17673727,2.587
07/02/2018 11:10:49,19.32343727,-99.17674636,2.595
07/02/2018 11:10:50,19.32342909,-99.17675545,2.604
07/02/2018 11:10:51,19.32342091,-99.17676455,2.612
07/02/2018 11:10:52,19.32341273,-99.17677364,2.620
07/02/2018 11:10:53,19.32340455,-99.17678273,2.629
07/02/2018 11:10:54,19.32339636,-99.17679182,2.637
07/02/2018 11:10:55,19.32338818,-99.17680091,2.646
07/02/2018 11:10:56,19.32338,-99.17681,2.654
07/02/2018 11:10:57,19.32334333,-99.17684,2.663
07/02/2018 11:10:58,19.32330667,-99.17687,2.671
07/02/2018 11:10:59,19.32327,-99.1769,2.680
07/02/2018 11:11:00,19.323245,-99.176925,2.688
07/02/2018 11:11:01,19.32322,-99.17695,2.696
07/02/2018 11:11:02,19.32320333,-99.17696667,2.705
07/02/2018 11:11:03,19.32318667,-99.17698333,2.713
07/02/2018 11:11:04,19.32317,-99.177,2.722
07/02/2018 11:11:05,19.32316667,-99.17700667,2.730
07/02/2018 11:11:06,19.32316333,-99.17701333,2.739
07/02/2018 11:11:07,19.32316,-99.17702,2.731
07/02/2018 11:11:08,19.32316,-99.177015,2.723
07/02/2018 11:11:09,19.32316,-99.17701,2.715
07/02/2018 11:11:10,19.32316,-99.17701333,2.707
07/02/2018 11:11:11,19.32316,-99.17701667,2.698
07/02/2018 11:11:12,19.32316,-99.17702,2.690
07/02/2018 11:11:13,19.323145,-99.17703,2.682
07/02/2018 11:11:14,19.32313,-99.17704,2.674
07/02/2018 11:11:15,19.32310667,-99.17705667,2.666
07/02/2018 11:11:16,19.32308333,-99.17707333,2.658
07/02/2018 11:11:17,19.32306,-99.17709,2.650
07/02/2018 11:11:18,19.323025,-99.17713,2.642
07/02/2018 11:11:19,19.32299,-99.17717,2.634
07/02/2018 11:11:20,19.32294333,-99.17719667,2.626
07/02/2018 11:11:21,19.32289667,-99.17722333,2.618
07/02/2018 11:11:22,19.32285,-99.17725,2.610
07/02/2018 11:11:23,19.32280333,-99.17729333,2.602
07/02/2018 11:11:24,19.32275667,-99.17733667,2.594
07/02/2018 11:11:25,19.32271,-99.17738,2.586
07/02/2018 11:11:26,19.32266,-99.17743,2.578
07/02/2018 11:11:27,19.32261,-99.17748,2.570
07/02/2018 11:11:28,19.32256,-99.17753,2.562
07/02/2018 11:11:29,19.32252667,-99.17758,2.554
07/02/2018 11:11:30,19.32249333,-99.17763,2.546
07/02/2018 11:11:31,19.32246,-99.17768,2.538
07/02/2018 11:11:32,19.32244,-99.177735,2.529
07/02/2018 11:11:33,19.32242,-99.17779,2.521
07/02/2018 11:11:34,19.32240667,-99.17783667,2.513
07/02/2018 11:11:35,19.32239333,-99.17788333,2.505
07/02/2018 11:11:36,19.32238,-99.17793,2.497
07/02/2018 11:11:37,19.322375,-99.17798,2.489
07/02/2018 11:11:38,19.32237,-99.17803,2.481
07/02/2018 11:11:39,19.32234667,-99.17809667,2.473
07/02/2018 11:11:40,19.32232333,-99.17816333,2.465
07/02/2018 11:11:41,19.3223,-99.17823,2.457
07/02/2018 11:11:42,19.32228,-99.17823667,2.449
07/02/2018 11:11:43,19.32226,-99.17824333,2.441
07/02/2018 11:11:44,19.32224,-99.17825,2.433
07/02/2018 11:11:45,19.32222667,-99.17824667,2.425
07/02/2018 11:11:46,19.32221333,-99.17824333,2.417
07/02/2018 11:11:47,19.3222,-99.17824,2.409
07/02/2018 11:11:48,19.32218,-99.178235,2.401
07/02/2018 11:11:49,19.32216,-99.17823,2.393
07/02/2018 11:11:50,19.32214,-99.178205,2.385
07/02/2018 11:11:51,19.32212,-99.17818,2.377
07/02/2018 11:11:52,19.32211667,-99.17813,2.368
07/02/2018 11:11:53,19.32211333,-99.17808,2.360
07/02/2018 11:11:54,19.32211,-99.17803,2.352
07/02/2018 11:11:55,19.32211,-99.177955,2.344
07/02/2018 11:11:56,19.32211,-99.17788,2.336
07/02/2018 11:11:57,19.32213,-99.17780667,2.328
07/02/2018 11:11:58,19.32215,-99.17773333,2.320
07/02/2018 11:11:59,19.32217,-99.17766,2.312
07/02/2018 11:12:00,19.32218,-99.177615,2.304
07/02/2018 11:12:01,19.32219,-99.17757,2.296
07/02/2018 11:12:02,19.3222,-99.17753,2.288
07/02/2018 11:12:03,19.32221,-99.17749,2.280
07/02/2018 11:12:04,19.32222,-99.17745,2.272
07/02/2018 11:12:05,19.32222333,-99.17742667,2.264
07/02/2018 11:12:06,19.32222667,-99.17740333,2.256
07/02/2018 11:12:07,19.32223,-99.17738,2.248
07/02/2018 11:12:08,19.32224,-99.17736333,2.240
07/02/2018 11:12:09,19.32225,-99.17734667,2.232
07/02/2018 11:12:10,19.32226,-99.17733,2.223
07/02/2018 11:12:11,19.32228,-99.177285,2.215
07/02/2018 11:12:12,19.3223,-99.17724,2.206
07/02/2018 11:12:13,19.32232,-99.17719667,2.198
07/02/2018 11:12:14,19.32234,-99.17715333,2.189
07/02/2018 11:12:15,19.32236,-99.17711,2.181
07/02/2018 11:12:16,19.322415,-99.177025,2.173
07/02/2018 11:12:17,19.32247,-99.17694,2.164
07/02/2018 11:12:18,19.32242,-99.176865,2.156
07/02/2018 11:12:19,19.32237,-99.17679,2.147
07/02/2018 11:12:20,19.32238,-99.176785,2.139
07/02/2018 11:12:21,19.32239,-99.17678,2.130
07/02/2018 11:12:22,19.32238667,-99.17676667,2.122
07/02/2018 11:12:23,19.32238333,-99.17675333,2.113
07/02/2018 11:12:24,19.32238,-99.17674,2.105
07/02/2018 11:12:25,19.32238,-99.17674,2.096
07/02/2018 11:12:26,19.32238,-99.17674,2.088
07/02/2018 11:12:27,19.32238,-99.17674,2.080
07/02/2018 11:12:28,19.32238,-99.17674,2.071
07/02/2018 11:12:29,19.32238,-99.17674,2.063
07/02/2018 11:12:30,19.32239,-99.17673333,2.054
07/02/2018 11:12:31,19.3224,-99.17672667,2.046
07/02/2018 11:12:32,19.32241,-99.17672,2.037
07/02/2018 11:12:33,19.32241182,-99.1767,2.029
07/02/2018 11:12:34,19.32241364,-99.17668,2.020
07/02/2018 11:12:35,19.32241545,-99.17666,2.012
07/02/2018 11:12:36,19.32241727,-99.17664,2.003
07/02/2018 11:12:37,19.32241909,-99.17662,1.995
07/02/2018 11:12:38,19.32242091,-99.1766,1.987
07/02/2018 11:12:39,19.32242273,-99.17658,1.978
07/02/2018 11:12:40,19.32242455,-99.17656,1.970
07/02/2018 11:12:41,19.32242636,-99.17654,1.961
07/02/2018 11:12:42,19.32242818,-99.17652,1.953
07/02/2018 11:12:43,19.32243,-99.1765,1.944
07/02/2018 11:12:44,19.322455,-99.17642,1.936
07/02/2018 11:12:45,19.32248,-99.17634,1.927
07/02/2018 11:12:46,19.32252333,-99.17635,1.919
07/02/2018 11:12:47,19.32256667,-99.17636,1.911
07/02/2018 11:12:48,19.32261,-99.17637,1.902
07/02/2018 11:12:49,19.322665,-99.176365,1.894
07/02/2018 11:12:50,19.32272,-99.17636,1.885
07/02/2018 11:12:51,19.32277667,-99.17634667,1.877
07/02/2018 11:12:52,19.32283333,-99.17633333,1.868
07/02/2018 11:12:53,19.32289,-99.17632,1.860
07/02/2018 11:12:54,19.32294667,-99.17629,1.851
07/02/2018 11:12:55,19.32300333,-99.17626,1.843
07/02/2018 11:12:56,19.32306,-99.17623,1.834
07/02/2018 11:12:57,19.323095,-99.176145,1.826
07/02/2018 11:12:58,19.32313,-99.17606,1.818
07/02/2018 11:12:59,19.32314,-99.17596,1.809
07/02/2018 11:13:00,19.32315,-99.17586,1.801
07/02/2018 11:13:01,19.32316,-99.17576,1.792
07/02/2018 11:13:02,19.32317,-99.17566,1.784
07/02/2018 11:13:03,19.32318,-99.17556,1.775
07/02/2018 11:13:04,19.323185,-99.17547,1.767
07/02/2018 11:13:05,19.32319,-99.17538,1.758
07/02/2018 11:13:06,19.3232,-99.17531667,1.750
07/02/2018 11:13:07,19.32321,-99.17525333,1.742
07/02/2018 11:13:08,19.32322,-99.17519,1.733
07/02/2018 11:13:09,19.32323333,-99.17515667,1.725
07/02/2018 11:13:10,19.32324667,-99.17512333,1.750
07/02/2018 11:13:11,19.32326,-99.17509,1.775
07/02/2018 11:13:12,19.32328,-99.17509,1.801
07/02/2018 11:13:13,19.3233,-99.17509,1.826
07/02/2018 11:13:14,19.32329667,-99.17506667,1.851
07/02/2018 11:13:15,19.32329333,-99.17504333,1.877
07/02/2018 11:13:16,19.32329,-99.17502,1.902
07/02/2018 11:13:17,19.32329,-99.17501333,1.927
07/02/2018 11:13:18,19.32329,-99.17500667,1.953
07/02/2018 11:13:19,19.32329,-99.175,1.978
07/02/2018 11:13:20,19.32335,-99.175,2.003
07/02/2018 11:13:21,19.32341,-99.175,2.029
07/02/2018 11:13:22,19.32347,-99.175,2.054
07/02/2018 11:13:23,19.32348,-99.175,2.080
07/02/2018 11:13:24,19.32349,-99.175,2.105
07/02/2018 11:13:25,19.32349667,-99.17499667,2.130
07/02/2018 11:13:26,19.32350333,-99.17499333,2.156
07/02/2018 11:13:27,19.32351,-99.17499,2.181
07/02/2018 11:13:28,19.32351,-99.17499,2.206
07/02/2018 11:13:29,19.32351,-99.17499,2.232
07/02/2018 11:13:30,19.32351,-99.17499,2.257
07/02/2018 11:13:31,19.32351,-99.174985,2.282
07/02/2018 11:13:32,19.32351,-99.17498,2.308
07/02/2018 11:13:33,19.32352667,-99.17497333,2.333
07/02/2018 11:13:34,19.32354333,-99.17496667,2.358
07/02/2018 11:13:35,19.32356,-99.17496,2.384
07/02/2018 11:13:36,19.32357083,-99.1749525,2.409
07/02/2018 11:13:37,19.32358167,-99.174945,2.434
07/02/2018 11:13:38,19.3235925,-99.1749375,2.460
07/02/2018 11:13:39,19.32360333,-99.17493,2.485
07/02/2018 11:13:40,19.32361417,-99.1749225,2.511
07/02/2018 11:13:41,19.323625,-99.174915,2.536
07/02/2018 11:13:42,19.32363583,-99.1749075,2.561
07/02/2018 11:13:43,19.32364667,-99.1749,2.587
07/02/2018 11:13:44,19.3236575,-99.1748925,2.612
07/02/2018 11:13:45,19.32366833,-99.174885,2.637
07/02/2018 11:13:46,19.32367917,-99.1748775,2.663
07/02/2018 11:13:47,19.32369,-99.17487,2.688
07/02/2018 11:13:48,19.323705,-99.17486,2.713
07/02/2018 11:13:49,19.32372,-99.17485,2.739
07/02/2018 11:13:50,19.32372667,-99.17484667,2.764
07/02/2018 11:13:51,19.32373333,-99.17484333,2.789
07/02/2018 11:13:52,19.32374,-99.17484,2.815
07/02/2018 11:13:53,19.32374333,-99.17484,2.840
07/02/2018 11:13:54,19.32374667,-99.17484,2.865
07/02/2018 11:13:55,19.32375,-99.17484,2.891
07/02/2018 11:13:56,19.32376333,-99.17483667,2.916
07/02/2018 11:13:57,19.32377667,-99.17483333,2.942
07/02/2018 11:13:58,19.32379,-99.17483,2.967
07/02/2018 11:13:59,19.32379,-99.174825,2.992
07/02/2018 11:14:00,19.32379,-99.17482,3.018
07/02/2018 11:14:01,19.3238,-99.17482,3.043
07/02/2018 11:14:02,19.32381,-99.17482,3.068
07/02/2018 11:14:03,19.32382,-99.17482,3.094
07/02/2018 11:14:04,19.32382667,-99.17482,3.119
07/02/2018 11:14:05,19.32383333,-99.17482,3.144
07/02/2018 11:14:06,19.32384,-99.17482,3.170
07/02/2018 11:14:07,19.32384667,-99.17482667,3.195
07/02/2018 11:14:08,19.32385333,-99.17483333,3.220
07/02/2018 11:14:09,19.32386,-99.17484,3.246
07/02/2018 11:14:10,19.323875,-99.174835,3.246
07/02/2018 11:14:11,19.32389,-99.17483,3.247
07/02/2018 11:14:12,19.3239,-99.174825,3.248
07/02/2018 11:14:13,19.32391,-99.17482,3.248
07/02/2018 11:14:14,19.32391667,-99.17481667,3.249
07/02/2018 11:14:15,19.32392333,-99.17481333,3.250
07/02/2018 11:14:16,19.32393,-99.17481,3.251
07/02/2018 11:14:17,19.32394,-99.174805,3.251
07/02/2018 11:14:18,19.32395,-99.1748,3.252
07/02/2018 11:14:19,19.32395333,-99.1748,3.253
07/02/2018 11:14:20,19.32395667,-99.1748,3.253
07/02/2018 11:14:21,19.32396,-99.1748,3.254
07/02/2018 11:14:22,19.32396,-99.1748,3.255
07/02/2018 11:14:23,19.32396,-99.1748,3.255
07/02/2018 11:14:24,19.32397,-99.1748,3.256
07/02/2018 11:14:25,19.32398,-99.1748,3.257
07/02/2018 11:14:26,19.32399,-99.1748,3.257
07/02/2018 11:14:27,19.32399667,-99.17479667,3.258
07/02/2018 11:14:28,19.32400333,-99.17479333,3.259
07/02/2018 11:14:29,19.32401,-99.17479,3.259
07/02/2018 11:14:30,19.32401667,-99.17478333,3.260
07/02/2018 11:14:31,19.32402333,-99.17477667,3.261
07/02/2018 11:14:32,19.32403,-99.17477,3.261
07/02/2018 11:14:33,19.32403091,-99.17477,3.262
07/02/2018 11:14:34,19.32403182,-99.17477,3.263
07/02/2018 11:14:35,19.32403273,-99.17477,3.263
07/02/2018 11:14:36,19.32403364,-99.17477,3.264
07/02/2018 11:14:37,19.32403455,-99.17477,3.265
07/02/2018 11:14:38,19.32403545,-99.17477,3.265
07/02/2018 11:14:39,19.32403636,-99.17477,3.266
07/02/2018 11:14:40,19.32403727,-99.17477,3.267
07/02/2018 11:14:41,19.32403818,-99.17477,3.266
07/02/2018 11:14:42,19.32403909,-99.17477,3.265
07/02/2018 11:14:43,19.32404,-99.17477,3.265
07/02/2018 11:14:44,19.32405,-99.17478,3.264
07/02/2018 11:14:45,19.32406,-99.17479,3.263
07/02/2018 11:14:46,19.32407,-99.1748,3.262
07/02/2018 11:14:47,19.32407,-99.1748,3.262
07/02/2018 11:14:48,19.32407,-99.1748,3.261
07/02/2018 11:14:49,19.32407,-99.1748,3.260
07/02/2018 11:14:50,19.32407,-99.1748,3.259
07/02/2018 11:14:51,19.32407,-99.1748,3.259
07/02/2018 11:14:52,19.32407,-99.1748,3.258
07/02/2018 11:14:53,19.32407,-99.1748,3.257
07/02/2018 11:14:54,19.32407,-99.1748,3.257
07/02/2018 11:14:55,19.32407,-99.1748,3.256
07/02/2018 11:14:56,19.32407,-99.1748,3.255
07/02/2018 11:14:57,19.32407,-99.1748,3.254
07/02/2018 11:14:58,19.32407333,-99.1748,3.254
07/02/2018 11:14:59,19.32407667,-99.1748,3.253
07/02/2018 11:15:00,19.32408,-99.1748,3.252
07/02/2018 11:15:01,19.32408273,-99.1748,3.252
07/02/2018 11:15:02,19.32408545,-99.1748,3.251
07/02/2018 11:15:03,19.32408818,-99.1748,3.250
07/02/2018 11:15:04,19.32409091,-99.1748,3.249
07/02/2018 11:15:05,19.32409364,-99.1748,3.249
07/02/2018 11:15:06,19.32409636,-99.1748,3.248
07/02/2018 11:15:07,19.32409909,-99.1748,3.247
07/02/2018 11:15:08,19.32410182,-99.1748,3.247
07/02/2018 11:15:09,19.32410455,-99.1748,3.246
07/02/2018 11:15:10,19.32410727,-99.1748,3.237
07/02/2018 11:15:11,19.32411,-99.1748,3.229
07/02/2018 11:15:12,19.32412,-99.1748,3.220
07/02/2018 11:15:13,19.32413,-99.1748,3.212
07/02/2018 11:15:14,19.32413455,-99.17479636,3.204
07/02/2018 11:15:15,19.32413909,-99.17479273,3.195
07/02/2018 11:15:16,19.32414364,-99.17478909,3.187
07/02/2018 11:15:17,19.32414818,-99.17478545,3.178
07/02/2018 11:15:18,19.32415273,-99.17478182,3.170
07/02/2018 11:15:19,19.32415727,-99.17477818,3.161
07/02/2018 11:15:20,19.32416182,-99.17477455,3.153
07/02/2018 11:15:21,19.32416636,-99.17477091,3.144
07/02/2018 11:15:22,19.32417091,-99.17476727,3.136
07/02/2018 11:15:23,19.32417545,-99.17476364,3.127
07/02/2018 11:15:24,19.32418,-99.17476,3.119
07/02/2018 11:15:25,19.32419333,-99.17475333,3.111
07/02/2018 11:15:26,19.32420667,-99.17474667,3.102
07/02/2018 11:15:27,19.32422,-99.17474,3.094
07/02/2018 11:15:28,19.32422545,-99.17474,3.085
07/02/2018 11:15:29,19.32423091,-99.17474,3.077
07/02/2018 11:15:30,19.32423636,-99.17474,3.068
07/02/2018 11:15:31,19.32424182,-99.17474,3.060
07/02/2018 11:15:32,19.32424727,-99.17474,3.051
07/02/2018 11:15:33,19.32425273,-99.17474,3.043
07/02/2018 11:15:34,19.32425818,-99.17474,3.035
07/02/2018 11:15:35,19.32426364,-99.17474,3.026
07/02/2018 11:15:36,19.32426909,-99.17474,3.018
07/02/2018 11:15:37,19.32427455,-99.17474,3.009
07/02/2018 11:15:38,19.32428,-99.17474,3.001
07/02/2018 11:15:39,19.32429,-99.17474,2.992
07/02/2018 11:15:40,19.3243,-99.17474,2.984
07/02/2018 11:15:41,19.32431,-99.17474,2.975
07/02/2018 11:15:42,19.324315,-99.17474,2.967
07/02/2018 11:15:43,19.32432,-99.17474,2.958
07/02/2018 11:15:44,19.32432333,-99.17474,2.950
07/02/2018 11:15:45,19.32432667,-99.17474,2.942
07/02/2018 11:15:46,19.32433,-99.17474,2.933
07/02/2018 11:15:47,19.32433,-99.17474,2.925
07/02/2018 11:15:48,19.32433,-99.17474,2.916
07/02/2018 11:15:49,19.32433667,-99.17474667,2.908
07/02/2018 11:15:50,19.32434333,-99.17475333,2.899
07/02/2018 11:15:51,19.32435,-99.17476,2.891
07/02/2018 11:15:52,19.32433,-99.17477,2.882
07/02/2018 11:15:53,19.324326,-99.174771,2.874
07/02/2018 11:15:54,19.324322,-99.174772,2.865
07/02/2018 11:15:55,19.324318,-99.174773,2.857
07/02/2018 11:15:56,19.324314,-99.174774,2.849
07/02/2018 11:15:57,19.32431,-99.174775,2.840
07/02/2018 11:15:58,19.324306,-99.174776,2.832
07/02/2018 11:15:59,19.324302,-99.174777,2.823
07/02/2018 11:16:00,19.324298,-99.174778,2.815
07/02/2018 11:16:01,19.324294,-99.174779,2.806
07/02/2018 11:16:02,19.32429,-99.17478,2.798
07/02/2018 11:16:03,19.32429667,-99.17478,2.789
07/02/2018 11:16:04,19.32430333,-99.17478,2.781
07/02/2018 11:16:05,19.32431,-99.17478,2.773
07/02/2018 11:16:06,19.32431111,-99.17477667,2.764
07/02/2018 11:16:07,19.32431222,-99.17477333,2.756
07/02/2018 11:16:08,19.32431333,-99.17477,2.747
07/02/2018 11:16:09,19.32431444,-99.17476667,2.739
07/02/2018 11:16:10,19.32431556,-99.17476333,2.773
07/02/2018 11:16:11,19.32431667,-99.17476,2.806
07/02/2018 11:16:12,19.32431778,-99.17475667,2.840
07/02/2018 11:16:13,19.32431889,-99.17475333,2.874
07/02/2018 11:16:14,19.32432,-99.17475,2.908
07/02/2018 11:16:15,19.32433667,-99.17475667,2.942
07/02/2018 11:16:16,19.32435333,-99.17476333,2.975
07/02/2018 11:16:17,19.32437,-99.17477,3.009
07/02/2018 11:16:18,19.32439545,-99.17476909,3.043
07/02/2018 11:16:19,19.32442091,-99.17476818,3.077
07/02/2018 11:16:20,19.32444636,-99.17476727,3.111
07/02/2018 11:16:21,19.32447182,-99.17476636,3.144
07/02/2018 11:16:22,19.32449727,-99.17476545,3.178
07/02/2018 11:16:23,19.32452273,-99.17476455,3.212
07/02/2018 11:16:24,19.32454818,-99.17476364,3.246
07/02/2018 11:16:25,19.32457364,-99.17476273,3.280
07/02/2018 11:16:26,19.32459909,-99.17476182,3.313
07/02/2018 11:16:27,19.32462455,-99.17476091,3.347
07/02/2018 11:16:28,19.32465,-99.17476,3.381
07/02/2018 11:16:29,19.32469667,-99.17476667,3.415
07/02/2018 11:16:30,19.32474333,-99.17477333,3.449
07/02/2018 11:16:31,19.32479,-99.17478,3.482
07/02/2018 11:16:32,19.32482667,-99.17478667,3.516
07/02/2018 11:16:33,19.32486333,-99.17479333,3.550
07/02/2018 11:16:34,19.3249,-99.1748,3.584
07/02/2018 11:16:35,19.32491333,-99.17480333,3.618
07/02/2018 11:16:36,19.32492667,-99.17480667,3.651
07/02/2018 11:16:37,19.32494,-99.17481,3.685
07/02/2018 11:16:38,19.32494,-99.17480667,3.719
07/02/2018 11:16:39,19.32494,-99.17480333,3.753
07/02/2018 11:16:40,19.32494,-99.1748,3.787
07/02/2018 11:16:41,19.324975,-99.174805,3.820
07/02/2018 11:16:42,19.32501,-99.17481,3.854
07/02/2018 11:16:43,19.32502333,-99.17480667,3.888
07/02/2018 11:16:44,19.32503667,-99.17480333,3.922
07/02/2018 11:16:45,19.32505,-99.1748,3.956
07/02/2018 11:16:46,19.325085,-99.174805,3.989
07/02/2018 11:16:47,19.32512,-99.17481,4.023
07/02/2018 11:16:48,19.32516,-99.17480667,4.057
07/02/2018 11:16:49,19.3252,-99.17480333,4.091
07/02/2018 11:16:50,19.32524,-99.1748,4.125
07/02/2018 11:16:51,19.32529,-99.1748,4.158
07/02/2018 11:16:52,19.32534,-99.1748,4.192
07/02/2018 11:16:53,19.32539,-99.1748,4.226
07/02/2018 11:16:54,19.32543667,-99.1748,4.260
07/02/2018 11:16:55,19.32548333,-99.1748,4.294
07/02/2018 11:16:56,19.32553,-99.1748,4.328
07/02/2018 11:16:57,19.32557,-99.174785,4.361
07/02/2018 11:16:58,19.32561,-99.17477,4.395
07/02/2018 11:16:59,19.32569667,-99.17476333,4.429
07/02/2018 11:17:00,19.32578333,-99.17475667,4.463
07/02/2018 11:17:01,19.32587,-99.17475,4.497
07/02/2018 11:17:02,19.325965,-99.17474,4.530
07/02/2018 11:17:03,19.32606,-99.17473,4.564
07/02/2018 11:17:04,19.32611333,-99.17473,4.598
07/02/2018 11:17:05,19.32616667,-99.17473,4.632
07/02/2018 11:17:06,19.32622,-99.17473,4.666
07/02/2018 11:17:07,19.32627667,-99.17473,4.699
07/02/2018 11:17:08,19.32633333,-99.17473,4.733
07/02/2018 11:17:09,19.32639,-99.17473,4.767
07/02/2018 11:17:10,19.32644,-99.174735,4.750
07/02/2018 11:17:11,19.32649,-99.17474,4.733
07/02/2018 11:17:12,19.32655,-99.17474,4.716
07/02/2018 11:17:13,19.32661,-99.17474,4.699
07/02/2018 11:17:14,19.32667,-99.17474,4.682
07/02/2018 11:17:15,19.32671,-99.17474333,4.666
07/02/2018 11:17:16,19.32675,-99.17474667,4.649
07/02/2018 11:17:17,19.32679,-99.17475,4.632
07/02/2018 11:17:18,19.32682,-99.17475,4.615
07/02/2018 11:17:19,19.32685,-99.17475,4.598
07/02/2018 11:17:20,19.32688,-99.17475,4.581
07/02/2018 11:17:21,19.32691,-99.17475333,4.564
07/02/2018 11:17:22,19.32694,-99.17475667,4.547
07/02/2018 11:17:23,19.32697,-99.17476,4.530
07/02/2018 11:17:24,19.32698,-99.17476,4.513
07/02/2018 11:17:25,19.32699,-99.17476,4.497
07/02/2018 11:17:26,19.327,-99.17476,4.480
07/02/2018 11:17:27,19.32712,-99.174765,4.463
07/02/2018 11:17:28,19.32724,-99.17477,4.446
07/02/2018 11:17:29,19.3273,-99.17477667,4.429
07/02/2018 11:17:30,19.32736,-99.17478333,4.412
07/02/2018 11:17:31,19.32742,-99.17479,4.395
07/02/2018 11:17:32,19.32747667,-99.17479667,4.378
07/02/2018 11:17:33,19.32753333,-99.17480333,4.361
07/02/2018 11:17:34,19.32759,-99.17481,4.344
07/02/2018 11:17:35,19.32764,-99.174815,4.328
07/02/2018 11:17:36,19.32769,-99.17482,4.311
07/02/2018 11:17:37,19.32774,-99.174825,4.294
07/02/2018 11:17:38,19.32779,-99.17483,4.277
07/02/2018 11:17:39,19.32784667,-99.17483667,4.260
07/02/2018 11:17:40,19.32790333,-99.17484333,4.243
07/02/2018 11:17:41,19.32796,-99.17485,4.226
07/02/2018 11:17:42,19.32800333,-99.17485667,4.209
07/02/2018 11:17:43,19.32804667,-99.17486333,4.192
07/02/2018 11:17:44,19.32809,-99.17487,4.175
07/02/2018 11:17:45,19.32810667,-99.17487333,4.158
07/02/2018 11:17:46,19.32812333,-99.17487667,4.142
07/02/2018 11:17:47,19.32814,-99.17488,4.125
07/02/2018 11:17:48,19.32814,-99.17488,4.108
07/02/2018 11:17:49,19.32814,-99.17488,4.091
07/02/2018 11:17:50,19.32814,-99.17488,4.074
07/02/2018 11:17:51,19.32814,-99.17488,4.057
07/02/2018 11:17:52,19.32814333,-99.17488,4.040
07/02/2018 11:17:53,19.32814667,-99.17488,4.023
07/02/2018 11:17:54,19.32815,-99.17488,4.006
07/02/2018 11:17:55,19.32814333,-99.17488,3.989
07/02/2018 11:17:56,19.32813667,-99.17488,3.973
07/02/2018 11:17:57,19.32813,-99.17488,3.956
07/02/2018 11:17:58,19.32814,-99.17488,3.939
07/02/2018 11:17:59,19.32815,-99.17488,3.922
07/02/2018 11:18:00,19.32816,-99.17488,3.905
07/02/2018 11:18:01,19.328161,-99.174881,3.888
07/02/2018 11:18:02,19.328162,-99.174882,3.871
07/02/2018 11:18:03,19.328163,-99.174883,3.854
07/02/2018 11:18:04,19.328164,-99.174884,3.837
07/02/2018 11:18:05,19.328165,-99.174885,3.820
07/02/2018 11:18:06,19.328166,-99.174886,3.804
07/02/2018 11:18:07,19.328167,-99.174887,3.787
07/02/2018 11:18:08,19.328168,-99.174888,3.770
07/02/2018 11:18:09,19.328169,-99.174889,3.753
07/02/2018 11:18:10,19.32817,-99.17489,3.750
07/02/2018 11:18:11,19.32819,-99.17489333,3.748
07/02/2018 11:18:12,19.32821,-99.17489667,3.746
07/02/2018 11:18:13,19.32823,-99.1749,3.743
07/02/2018 11:18:14,19.328255,-99.174905,3.741
07/02/2018 11:18:15,19.32828,-99.17491,3.738
07/02/2018 11:18:16,19.32833333,-99.17492333,3.736
07/02/2018 11:18:17,19.32838667,-99.17493667,3.733
07/02/2018 11:18:18,19.32844,-99.17495,3.731
07/02/2018 11:18:19,19.328495,-99.17496,3.728
07/02/2018 11:18:20,19.32855,-99.17497,3.726
07/02/2018 11:18:21,19.32859333,-99.17498333,3.724
07/02/2018 11:18:22,19.32863667,-99.17499667,3.721
07/02/2018 11:18:23,19.32868,-99.17501,3.719
07/02/2018 11:18:24,19.328735,-99.175045,3.716
07/02/2018 11:18:25,19.32879,-99.17508,3.714
07/02/2018 11:18:26,19.32881667,-99.17509667,3.711
07/02/2018 11:18:27,19.32884333,-99.17511333,3.709
07/02/2018 11:18:28,19.32887,-99.17513,3.707
07/02/2018 11:18:29,19.32891667,-99.17517333,3.704
07/02/2018 11:18:30,19.32896333,-99.17521667,3.702
07/02/2018 11:18:31,19.32901,-99.17526,3.699
07/02/2018 11:18:32,19.32904333,-99.17529333,3.697
07/02/2018 11:18:33,19.32907667,-99.17532667,3.694
07/02/2018 11:18:34,19.32911,-99.17536,3.692
07/02/2018 11:18:35,19.32915667,-99.17540667,3.689
07/02/2018 11:18:36,19.32920333,-99.17545333,3.687
07/02/2018 11:18:37,19.32925,-99.1755,3.685
07/02/2018 11:18:38,19.32929,-99.17554,3.682
07/02/2018 11:18:39,19.32933,-99.17558,3.680
07/02/2018 11:18:40,19.32935,-99.1756,3.677
07/02/2018 11:18:41,19.32937,-99.17562,3.675
07/02/2018 11:18:42,19.32939,-99.17564,3.672
07/02/2018 11:18:43,19.32939333,-99.17564,3.670
07/02/2018 11:18:44,19.32939667,-99.17564,3.668
07/02/2018 11:18:45,19.3294,-99.17564,3.665
07/02/2018 11:18:46,19.3294,-99.175645,3.663
07/02/2018 11:18:47,19.3294,-99.17565,3.660
07/02/2018 11:18:48,19.3294,-99.17565,3.658
07/02/2018 11:18:49,19.3294,-99.17565,3.655
07/02/2018 11:18:50,19.3294,-99.17565,3.653
07/02/2018 11:18:51,19.3294,-99.17565,3.651
07/02/2018 11:18:52,19.3294,-99.17565,3.648
07/02/2018 11:18:53,19.3294,-99.17565,3.646
07/02/2018 11:18:54,19.32944333,-99.17569,3.643
07/02/2018 11:18:55,19.32948667,-99.17573,3.641
07/02/2018 11:18:56,19.32953,-99.17577,3.638
07/02/2018 11:18:57,19.32957333,-99.17581,3.636
07/02/2018 11:18:58,19.32961667,-99.17585,3.633
07/02/2018 11:18:59,19.32966,-99.17589,3.631
07/02/2018 11:19:00,19.32974,-99.17595333,3.629
07/02/2018 11:19:01,19.32982,-99.17601667,3.626
07/02/2018 11:19:02,19.3299,-99.17608,3.624
07/02/2018 11:19:03,19.32991,-99.176085,3.621
07/02/2018 11:19:04,19.32992,-99.17609,3.619
07/02/2018 11:19:05,19.32999,-99.17613667,3.616
07/02/2018 11:19:06,19.33006,-99.17618333,3.614
07/02/2018 11:19:07,19.33013,-99.17623,3.612
07/02/2018 11:19:08,19.33016333,-99.17625,3.609
07/02/2018 11:19:09,19.33019667,-99.17627,3.607
07/02/2018 11:19:10,19.33023,-99.17629,3.598
07/02/2018 11:19:11,19.330255,-99.17631,3.590
07/02/2018 11:19:12,19.33028,-99.17633,3.581
07/02/2018 11:19:13,19.33031667,-99.17635,3.573
07/02/2018 11:19:14,19.33035333,-99.17637,3.565
07/02/2018 11:19:15,19.33039,-99.17639,3.556
07/02/2018 11:19:16,19.33043,-99.17641667,3.548
07/02/2018 11:19:17,19.33047,-99.17644333,3.539
07/02/2018 11:19:18,19.33051,-99.17647,3.531
07/02/2018 11:19:19,19.33054,-99.17649,3.522
07/02/2018 11:19:20,19.33057,-99.17651,3.514
07/02/2018 11:19:21,19.3306,-99.17653,3.506
07/02/2018 11:19:22,19.33063,-99.17655,3.497
07/02/2018 11:19:23,19.33066333,-99.17657,3.489
07/02/2018 11:19:24,19.33069667,-99.17659,3.480
07/02/2018 11:19:25,19.33073,-99.17661,3.472
07/02/2018 11:19:26,19.33077333,-99.17664,3.464
07/02/2018 11:19:27,19.33081667,-99.17667,3.455
07/02/2018 11:19:28,19.33086,-99.1767,3.447
07/02/2018 11:19:29,19.33091,-99.17673,3.438
07/02/2018 11:19:30,19.33096,-99.17676,3.430
07/02/2018 11:19:31,19.33100333,-99.17679333,3.421
07/02/2018 11:19:32,19.33104667,-99.17682667,3.413
07/02/2018 11:19:33,19.33109,-99.17686,3.405
07/02/2018 11:19:34,19.33111,-99.17692333,3.396
07/02/2018 11:19:35,19.33113,-99.17698667,3.388
07/02/2018 11:19:36,19.33115,-99.17705,3.379
07/02/2018 11:19:37,19.331175,-99.17711,3.371
07/02/2018 11:19:38,19.3312,-99.17717,3.363
07/02/2018 11:19:39,19.33122333,-99.17724,3.354
07/02/2018 11:19:40,19.33124667,-99.17731,3.346
07/02/2018 11:19:41,19.33127,-99.17738,3.337
07/02/2018 11:19:42,19.33128667,-99.17742667,3.329
07/02/2018 11:19:43,19.33130333,-99.17747333,3.320
07/02/2018 11:19:44,19.33132,-99.17752,3.312
07/02/2018 11:19:45,19.33135,-99.177615,3.304
07/02/2018 11:19:46,19.33138,-99.17771,3.295
07/02/2018 11:19:47,19.331405,-99.17778,3.287
07/02/2018 11:19:48,19.33143,-99.17785,3.278
07/02/2018 11:19:49,19.33145667,-99.17792667,3.270
07/02/2018 11:19:50,19.33148333,-99.17800333,3.262
07/02/2018 11:19:51,19.33151,-99.17808,3.253
07/02/2018 11:19:52,19.33153,-99.178145,3.245
07/02/2018 11:19:53,19.33155,-99.17821,3.236
07/02/2018 11:19:54,19.33157333,-99.17827667,3.228
07/02/2018 11:19:55,19.33159667,-99.17834333,3.219
07/02/2018 11:19:56,19.33162,-99.17841,3.211
07/02/2018 11:19:57,19.33163,-99.17845,3.203
07/02/2018 11:19:58,19.33164,-99.17849,3.194
07/02/2018 11:19:59,19.33168667,-99.17849667,3.186
07/02/2018 11:20:00,19.33173333,-99.17850333,3.177
07/02/2018 11:20:01,19.33178,-99.17851,3.169
07/02/2018 11:20:02,19.33182333,-99.17850667,3.161
07/02/2018 11:20:03,19.33186667,-99.17850333,3.152
07/02/2018 11:20:04,19.33191,-99.1785,3.144
07/02/2018 11:20:05,19.331955,-99.17849,3.135
07/02/2018 11:20:06,19.332,-99.17848,3.127
07/02/2018 11:20:07,19.33203333,-99.17847333,3.118
07/02/2018 11:20:08,19.33206667,-99.17846667,3.110
07/02/2018 11:20:09,19.3321,-99.17846,3.102
07/02/2018 11:20:10,19.33214,-99.178455,3.118
07/02/2018 11:20:11,19.33218,-99.17845,3.135
07/02/2018 11:20:12,19.3322,-99.17844667,3.152
07/02/2018 11:20:13,19.33222,-99.17844333,3.169
07/02/2018 11:20:14,19.33224,-99.17844,3.186
07/02/2018 11:20:15,19.33224,-99.17844,3.203
07/02/2018 11:20:16,19.33224,-99.17844,3.219
07/02/2018 11:20:17,19.33224,-99.17844,3.236
07/02/2018 11:20:18,19.33224,-99.17844,3.253
07/02/2018 11:20:19,19.33224,-99.17844,3.270
07/02/2018 11:20:20,19.332245,-99.17844,3.287
07/02/2018 11:20:21,19.33225,-99.17844,3.304
07/02/2018 11:20:22,19.33225,-99.17843667,3.320
07/02/2018 11:20:23,19.33225,-99.17843333,3.337
07/02/2018 11:20:24,19.33225,-99.17843,3.354
07/02/2018 11:20:25,19.33226333,-99.17843,3.371
07/02/2018 11:20:26,19.33227667,-99.17843,3.388
07/02/2018 11:20:27,19.33229,-99.17843,3.405
07/02/2018 11:20:28,19.332314,-99.178448,3.421
07/02/2018 11:20:29,19.332338,-99.178466,3.438
07/02/2018 11:20:30,19.332362,-99.178484,3.455
07/02/2018 11:20:31,19.332386,-99.178502,3.472
07/02/2018 11:20:32,19.33241,-99.17852,3.489
07/02/2018 11:20:33,19.332434,-99.178538,3.506
07/02/2018 11:20:34,19.332458,-99.178556,3.522
07/02/2018 11:20:35,19.332482,-99.178574,3.539
07/02/2018 11:20:36,19.332506,-99.178592,3.556
07/02/2018 11:20:37,19.33253,-99.17861,3.573
07/02/2018 11:20:38,19.33252,-99.17864,3.590
07/02/2018 11:20:39,19.33251,-99.17867,3.607
07/02/2018 11:20:40,19.3325,-99.1787,3.623
07/02/2018 11:20:41,19.33243,-99.178705,3.640
07/02/2018 11:20:42,19.33236,-99.17871,3.657
07/02/2018 11:20:43,19.33230667,-99.17872667,3.674
07/02/2018 11:20:44,19.33225333,-99.17874333,3.691
07/02/2018 11:20:45,19.3322,-99.17876,3.708
07/02/2018 11:20:46,19.33214,-99.17876333,3.724
07/02/2018 11:20:47,19.33208,-99.17876667,3.741
07/02/2018 11:20:48,19.33202,-99.17877,3.758
07/02/2018 11:20:49,19.331955,-99.17878,3.775
07/02/2018 11:20:50,19.33189,-99.17879,3.792
07/02/2018 11:20:51,19.33182667,-99.17882667,3.809
07/02/2018 11:20:52,19.33176333,-99.17886333,3.826
07/02/2018 11:20:53,19.3317,-99.1789,3.842
07/02/2018 11:20:54,19.33163,-99.17896,3.859
07/02/2018 11:20:55,19.33156,-99.17902,3.876
07/02/2018 11:20:56,19.33149,-99.17908,3.893
07/02/2018 11:20:57,19.33143,-99.179135,3.910
07/02/2018 11:20:58,19.33137,-99.17919,3.927
07/02/2018 11:20:59,19.33132,-99.17925,3.943
07/02/2018 11:21:00,19.33127,-99.17931,3.960
07/02/2018 11:21:01,19.33122,-99.17937,3.977
07/02/2018 11:21:02,19.331175,-99.17943,3.994
07/02/2018 11:21:03,19.33113,-99.17949,4.011
07/02/2018 11:21:04,19.33109333,-99.17954,4.028
07/02/2018 11:21:05,19.33105667,-99.17959,4.044
07/02/2018 11:21:06,19.33102,-99.17964,4.061
07/02/2018 11:21:07,19.33099667,-99.17966667,4.078
07/02/2018 11:21:08,19.33097333,-99.17969333,4.095
07/02/2018 11:21:09,19.33095,-99.17972,4.112
07/02/2018 11:21:10,19.33091,-99.17983,4.103
07/02/2018 11:21:11,19.33087,-99.17994,4.095
07/02/2018 11:21:12,19.33085667,-99.18002333,4.086
07/02/2018 11:21:13,19.33084333,-99.18010667,4.078
07/02/2018 11:21:14,19.33083,-99.18019,4.070
07/02/2018 11:21:15,19.330825,-99.180255,4.061
07/02/2018 11:21:16,19.33082,-99.18032,4.053
07/02/2018 11:21:17,19.33082,-99.18034,4.044
07/02/2018 11:21:18,19.33082,-99.18036,4.036
07/02/2018 11:21:19,19.33082,-99.18038,4.028
07/02/2018 11:21:20,19.330815,-99.180475,4.019
07/02/2018 11:21:21,19.33081,-99.18057,4.011
07/02/2018 11:21:22,19.33081,-99.18059,4.002
07/02/2018 11:21:23,19.33081,-99.18061,3.994
07/02/2018 11:21:24,19.33081,-99.18061667,3.985
07/02/2018 11:21:25,19.33081,-99.18062333,3.977
07/02/2018 11:21:26,19.33081,-99.18063,3.969
07/02/2018 11:21:27,19.33081,-99.18063667,3.960
07/02/2018 11:21:28,19.33081,-99.18064333,3.952
07/02/2018 11:21:29,19.33081,-99.18065,3.943
07/02/2018 11:21:30,19.33081,-99.18065,3.935
07/02/2018 11:21:31,19.33081,-99.18065,3.927
07/02/2018 11:21:32,19.33081,-99.180655,3.918
07/02/2018 11:21:33,19.33081,-99.18066,3.910
07/02/2018 11:21:34,19.33081,-99.18068,3.901
07/02/2018 11:21:35,19.33081,-99.1807,3.893
07/02/2018 11:21:36,19.33081,-99.18072,3.884
07/02/2018 11:21:37,19.330808,-99.180782,3.876
07/02/2018 11:21:38,19.330806,-99.180844,3.868
07/02/2018 11:21:39,19.330804,-99.180906,3.859
07/02/2018 11:21:40,19.330802,-99.180968,3.851
07/02/2018 11:21:41,19.3308,-99.18103,3.842
07/02/2018 11:21:42,19.330798,-99.181092,3.834
07/02/2018 11:21:43,19.330796,-99.181154,3.826
07/02/2018 11:21:44,19.330794,-99.181216,3.817
07/02/2018 11:21:45,19.330792,-99.181278,3.809
07/02/2018 11:21:46,19.33079,-99.18134,3.800
07/02/2018 11:21:47,19.33079,-99.18139,3.792
07/02/2018 11:21:48,19.33079,-99.18144,3.783
07/02/2018 11:21:49,19.33079,-99.18149,3.775
07/02/2018 11:21:50,19.330785,-99.18161,3.767
07/02/2018 11:21:51,19.33078,-99.18173,3.758
07/02/2018 11:21:52,19.33078,-99.18181333,3.750
07/02/2018 11:21:53,19.33078,-99.18189667,3.741
07/02/2018 11:21:54,19.33078,-99.18198,3.733
07/02/2018 11:21:55,19.33077667,-99.18206,3.724
07/02/2018 11:21:56,19.33077333,-99.18214,3.716
07/02/2018 11:21:57,19.33077,-99.18222,3.708
07/02/2018 11:21:58,19.33076667,-99.1823,3.699
07/02/2018 11:21:59,19.33076333,-99.18238,3.691
07/02/2018 11:22:00,19.33076,-99.18246,3.682
07/02/2018 11:22:01,19.330755,-99.18255,3.674
07/02/2018 11:22:02,19.33075,-99.18264,3.666
07/02/2018 11:22:03,19.33074667,-99.18272333,3.657
07/02/2018 11:22:04,19.33074333,-99.18280667,3.649
07/02/2018 11:22:05,19.33074,-99.18289,3.640
07/02/2018 11:22:06,19.33074,-99.182965,3.632
07/02/2018 11:22:07,19.33074,-99.18304,3.623
07/02/2018 11:22:08,19.330735,-99.183105,3.615
07/02/2018 11:22:09,19.33073,-99.18317,3.607
07/02/2018 11:22:10,19.33073,-99.1832,3.609
07/02/2018 11:22:11,19.33073,-99.18323,3.612
07/02/2018 11:22:12,19.33073,-99.18326,3.614
07/02/2018 11:22:13,19.33073,-99.18326667,3.616
07/02/2018 11:22:14,19.33073,-99.18327333,3.619
07/02/2018 11:22:15,19.33073,-99.18328,3.621
07/02/2018 11:22:16,19.33073,-99.18328,3.624
07/02/2018 11:22:17,19.33073,-99.18328,3.626
07/02/2018 11:22:18,19.33073,-99.18328,3.629
07/02/2018 11:22:19,19.33073,-99.18328,3.631
07/02/2018 11:22:20,19.33073,-99.18328,3.633
07/02/2018 11:22:21,19.33073,-99.183285,3.636
07/02/2018 11:22:22,19.33073,-99.18329,3.638
07/02/2018 11:22:23,19.33072667,-99.18329667,3.641
07/02/2018 11:22:24,19.33072333,-99.18330333,3.643
07/02/2018 11:22:25,19.33072,-99.18331,3.646
07/02/2018 11:22:26,19.330719,-99.183334,3.648
07/02/2018 11:22:27,19.330718,-99.183358,3.651
07/02/2018 11:22:28,19.330717,-99.183382,3.653
07/02/2018 11:22:29,19.330716,-99.183406,3.655
07/02/2018 11:22:30,19.330715,-99.18343,3.658
07/02/2018 11:22:31,19.330714,-99.183454,3.660
07/02/2018 11:22:32,19.330713,-99.183478,3.663
07/02/2018 11:22:33,19.330712,-99.183502,3.665
07/02/2018 11:22:34,19.330711,-99.183526,3.668
07/02/2018 11:22:35,19.33071,-99.18355,3.670
07/02/2018 11:22:36,19.33071,-99.18361667,3.672
07/02/2018 11:22:37,19.33071,-99.18368333,3.675
07/02/2018 11:22:38,19.33071,-99.18375,3.677
07/02/2018 11:22:39,19.33071,-99.18381333,3.680
07/02/2018 11:22:40,19.33071,-99.18387667,3.682
07/02/2018 11:22:41,19.33071,-99.18394,3.685
07/02/2018 11:22:42,19.330705,-99.184025,3.687
07/02/2018 11:22:43,19.3307,-99.18411,3.689
07/02/2018 11:22:44,19.3307,-99.18418,3.692
07/02/2018 11:22:45,19.3307,-99.18425,3.694
07/02/2018 11:22:46,19.33069667,-99.18429667,3.697
07/02/2018 11:22:47,19.33069333,-99.18434333,3.699
07/02/2018 11:22:48,19.33069,-99.18439,3.702
07/02/2018 11:22:49,19.33069,-99.18439667,3.704
07/02/2018 11:22:50,19.33069,-99.18440333,3.707
07/02/2018 11:22:51,19.33069,-99.18441,3.709
07/02/2018 11:22:52,19.33069,-99.18441,3.711
07/02/2018 11:22:53,19.33069,-99.18441,3.714
07/02/2018 11:22:54,19.33069,-99.18441,3.716
07/02/2018 11:22:55,19.33069,-99.18441333,3.719
07/02/2018 11:22:56,19.33069,-99.18441667,3.721
07/02/2018 11:22:57,19.33069,-99.18442,3.724
07/02/2018 11:22:58,19.33069,-99.18442,3.726
07/02/2018 11:22:59,19.33069,-99.18442,3.728
07/02/2018 11:23:00,19.33068667,-99.18444333,3.731
07/02/2018 11:23:01,19.33068333,-99.18446667,3.733
07/02/2018 11:23:02,19.33068,-99.18449,3.736
07/02/2018 11:23:03,19.33067727,-99.18454273,3.738
07/02/2018 11:23:04,19.33067455,-99.18459545,3.741
07/02/2018 11:23:05,19.33067182,-99.18464818,3.743
07/02/2018 11:23:06,19.33066909,-99.18470091,3.746
07/02/2018 11:23:07,19.33066636,-99.18475364,3.748
07/02/2018 11:23:08,19.33066364,-99.18480636,3.750
07/02/2018 11:23:09,19.33066091,-99.18485909,3.753
07/02/2018 11:23:10,19.33065818,-99.18491182,3.749
07/02/2018 11:23:11,19.33065545,-99.18496455,3.746
07/02/2018 11:23:12,19.33065273,-99.18501727,3.743
07/02/2018 11:23:13,19.33065,-99.18507,3.739
07/02/2018 11:23:14,19.33065,-99.18510333,3.736
07/02/2018 11:23:15,19.33065,-99.18513667,3.732
07/02/2018 11:23:16,19.33065,-99.18517,3.729
07/02/2018 11:23:17,19.33065,-99.18518333,3.726
07/02/2018 11:23:18,19.33065,-99.18519667,3.722
07/02/2018 11:23:19,19.33065,-99.18521,3.719
07/02/2018 11:23:20,19.33064667,-99.18523667,3.715
07/02/2018 11:23:21,19.33064333,-99.18526333,3.712
07/02/2018 11:23:22,19.33064,-99.18529,3.709
07/02/2018 11:23:23,19.33064,-99.18533,3.705
07/02/2018 11:23:24,19.33064,-99.18537,3.702
07/02/2018 11:23:25,19.33063667,-99.18542333,3.698
07/02/2018 11:23:26,19.33063333,-99.18547667,3.695
07/02/2018 11:23:27,19.33063,-99.18553,3.692
07/02/2018 11:23:28,19.33062667,-99.18556667,3.688
07/02/2018 11:23:29,19.33062333,-99.18560333,3.685
07/02/2018 11:23:30,19.33062,-99.18564,3.681
07/02/2018 11:23:31,19.33062,-99.18569,3.678
07/02/2018 11:23:32,19.33062,-99.18574,3.675
07/02/2018 11:23:33,19.330615,-99.18577,3.671
07/02/2018 11:23:34,19.33061,-99.1858,3.668
07/02/2018 11:23:35,19.33061,-99.185845,3.664
07/02/2018 11:23:36,19.33061,-99.18589,3.661
07/02/2018 11:23:37,19.33060333,-99.18593667,3.658
07/02/2018 11:23:38,19.33059667,-99.18598333,3.654
07/02/2018 11:23:39,19.33059,-99.18603,3.651
07/02/2018 11:23:40,19.33058333,-99.18608333,3.647
07/02/2018 11:23:41,19.33057667,-99.18613667,3.644
07/02/2018 11:23:42,19.33057,-99.18619,3.641
07/02/2018 11:23:43,19.330565,-99.186235,3.637
07/02/2018 11:23:44,19.33056,-99.18628,3.634
07/02/2018 11:23:45,19.33055333,-99.18635,3.630
07/02/2018 11:23:46,19.33054667,-99.18642,3.627
07/02/2018 11:23:47,19.33054,-99.18649,3.624
07/02/2018 11:23:48,19.33053,-99.18656,3.620
07/02/2018 11:23:49,19.33052,-99.18663,3.617
07/02/2018 11:23:50,19.33051,-99.1867,3.613
07/02/2018 11:23:51,19.330505,-99.18674,3.610
07/02/2018 11:23:52,19.3305,-99.18678,3.607
