date,lat,lon,pm2_5
02/07/2018 10:43:50,19.33061,-99.18686,30.89
02/07/2018 10:43:51,19.33061,-99.18686,29.92
02/07/2018 10:43:52,19.33061,-99.18686,29.91
02/07/2018 10:43:53,19.3306,-99.18686,30.61
02/07/2018 10:43:54,19.3306,-99.18686,31.77
02/07/2018 10:43:55,19.3306,-99.18686,30.17
02/07/2018 10:43:56,19.3306,-99.18686,29.53
02/07/2018 10:43:57,19.3306,-99.18686,30.3
02/07/2018 10:43:58,19.3306,-99.18686,29.95
02/07/2018 10:43:59,19.3306,-99.18686,29.75
02/07/2018 10:44:00,19.3306,-99.18686,29.78
02/07/2018 10:44:01,19.3306,-99.18686,31.1
02/07/2018 10:44:02,19.3306,-99.18686,31.1
02/07/2018 10:44:03,19.3306,-99.18686,32.63
02/07/2018 10:44:04,19.3306,-99.18686,31.57
02/07/2018 10:44:05,19.3306,-99.18686,29.64
02/07/2018 10:44:06,19.3306,-99.18686,31.54
02/07/2018 10:44:07,19.3306,-99.18686,31.6
02/07/2018 10:44:08,19.3306,-99.18686,31.15
02/07/2018 10:44:09,19.3306,-99.18686,29.86
02/07/2018 10:44:10,19.3306,-99.18686,30.44
02/07/2018 10:44:11,19.3306,-99.18686,31.32
02/07/2018 10:44:12,19.3306,-99.18686,30.44
02/07/2018 10:44:13,19.3306,-99.18686,30.31
02/07/2018 10:44:14,19.3306,-99.18686,30.76
02/07/2018 10:44:15,19.3306,-99.18686,30.64
02/07/2018 10:44:16,19.3306,-99.18686,30.92
02/07/2018 10:44:17,19.3306,-99.18686,29.06
02/07/2018 10:44:18,19.3306,-99.18686,31.1
02/07/2018 10:44:19,19.3306,-99.18686,29.81
02/07/2018 10:44:20,19.3306,-99.18686,30.85
02/07/2018 10:44:21,19.3306,-99.18686,29.5
02/07/2018 10:44:22,19.3306,-99.18686,31.15
02/07/2018 10:44:23,19.3306,-99.18686,30.19
02/07/2018 10:44:24,19.3306,-99.18686,29.83
02/07/2018 10:44:25,19.3306,-99.18686,31.08
02/07/2018 10:44:26,19.3306,-99.18686,31.04
02/07/2018 10:44:27,19.3306,-99.18686,31.72
02/07/2018 10:44:28,19.3306,-99.18686,31.72
02/07/2018 10:44:29,19.3306,-99.18686,30.51
02/07/2018 10:44:30,19.3306,-99.18686,30.85
02/07/2018 10:44:31,19.3306,-99.18686,30.11
02/07/2018 10:44:32,19.3306,-99.18686,30.03
02/07/2018 10:44:33,19.3306,-99.18686,30.78
02/07/2018 10:44:34,19.3306,-99.18686,30.51
02/07/2018 10:44:35,19.3306,-99.18686,32.21
02/07/2018 10:44:36,19.3306,-99.18686,30.97
02/07/2018 10:44:37,19.3306,-99.18686,30.87
02/07/2018 10:44:38,19.3306,-99.18686,30.4
02/07/2018 10:44:39,19.3306,-99.18686,30.66
02/07/2018 10:44:40,19.3306,-99.18686,30.71
02/07/2018 10:44:41,19.3306,-99.18686,30.93
02/07/2018 10:44:42,19.3306,-99.18686,31.09
02/07/2018 10:44:43,19.3306,-99.18686,30.94
02/07/2018 10:44:44,19.3306,-99.18686,30.09
02/07/2018 10:44:45,19.3306,-99.18686,31.32
02/07/2018 10:44:46,19.3306,-99.18686,30.77
02/07/2018 10:44:47,19.3306,-99.18686,29.61
02/07/2018 10:44:48,19.3306,-99.18686,30.58
02/07/2018 10:44:49,19.3306,-99.18686,32
02/07/2018 10:44:50,19.3306,-99.18686,32.14
02/07/2018 10:44:51,19.3306,-99.18686,30.82
02/07/2018 10:44:52,19.3306,-99.18687,31.1
02/07/2018 10:44:53,19.3306,-99.18687,30.97
02/07/2018 10:44:54,19.33059,-99.18688,30.97
02/07/2018 10:44:55,19.33059,-99.18689,31.47
02/07/2018 10:44:56,19.33059,-99.1869,32.47
02/07/2018 10:44:57,19.33059,-99.18693,30.78
02/07/2018 10:44:58,19.33059,-99.18694,33.5
02/07/2018 10:44:59,19.33059,-99.18696,32.6
02/07/2018 10:45:00,19.33059,-99.18698,31.73
02/07/2018 10:45:01,19.33059,-99.18701,34.05
02/07/2018 10:45:02,19.33058,-99.18703,35.36
02/07/2018 10:45:03,19.33058,-99.18706,35.2
02/07/2018 10:45:04,19.33057,-99.18709,35.7
02/07/2018 10:45:05,19.33056,-99.18711,35.88
02/07/2018 10:45:06,19.33055,-99.18713,37.82
02/07/2018 10:45:07,19.33055,-99.18715,39.17
02/07/2018 10:45:08,19.33055,-99.18717,37.53
02/07/2018 10:45:09,19.33054,-99.18719,36.72
02/07/2018 10:45:10,19.33054,-99.18721,39.2
02/07/2018 10:45:11,19.33054,-99.18723,36.26
02/07/2018 10:45:12,19.33053,-99.18724,39.08
02/07/2018 10:45:13,19.33052,-99.18726,37.83
02/07/2018 10:45:14,19.33051,-99.18728,38.24
02/07/2018 10:45:15,19.33051,-99.18729,37.42
02/07/2018 10:45:16,19.3305,-99.18731,37.02
02/07/2018 10:45:17,19.3305,-99.18734,38.62
02/07/2018 10:45:18,19.3305,-99.18737,39.45
02/07/2018 10:45:19,19.33049,-99.1874,36.72
02/07/2018 10:45:20,19.33049,-99.18743,36.72
02/07/2018 10:45:21,19.33048,-99.18746,37.58
02/07/2018 10:45:22,19.33048,-99.1875,37.67
02/07/2018 10:45:23,19.33048,-99.18753,37.6
02/07/2018 10:45:24,19.33048,-99.18756,37.75
02/07/2018 10:45:25,19.33047,-99.1876,37.77
02/07/2018 10:45:26,19.33047,-99.18763,37.65
02/07/2018 10:45:27,19.33047,-99.18766,37.08
02/07/2018 10:45:28,19.33047,-99.18769,38.64
02/07/2018 10:45:29,19.33046,-99.18772,39.24
02/07/2018 10:45:30,19.33046,-99.18775,36.3
02/07/2018 10:45:31,19.33046,-99.18778,35.9
02/07/2018 10:45:32,19.33046,-99.18781,36.33
02/07/2018 10:45:33,19.33045,-99.18784,37.44
02/07/2018 10:45:34,19.33045,-99.18787,37.9
02/07/2018 10:45:35,19.33045,-99.1879,37.23
02/07/2018 10:45:36,19.33045,-99.18793,37.32
02/07/2018 10:45:37,19.33044,-99.18797,36.42
02/07/2018 10:45:38,19.33043,-99.188,37.27
02/07/2018 10:45:39,19.33043,-99.18804,36.22
02/07/2018 10:45:40,19.33042,-99.18807,36.07
02/07/2018 10:45:41,19.33042,-99.1881,36.73
02/07/2018 10:45:42,19.33041,-99.18814,37.29
02/07/2018 10:45:43,19.33041,-99.18818,35.57
02/07/2018 10:45:44,19.3304,-99.18823,35.48
02/07/2018 10:45:45,19.3304,-99.18827,34.92
02/07/2018 10:45:46,19.33039,-99.18831,34.92
02/07/2018 10:45:47,19.33038,-99.18836,33.98
02/07/2018 10:45:48,19.33038,-99.18841,33.97
02/07/2018 10:45:49,19.33037,-99.18847,34.17
02/07/2018 10:45:50,19.33036,-99.18854,35.42
02/07/2018 10:45:51,19.33035,-99.18861,35.84
02/07/2018 10:45:52,19.33035,-99.18867,35.58
02/07/2018 10:45:53,19.33035,-99.18871,34.44
02/07/2018 10:45:54,19.33037,-99.18877,35.76
02/07/2018 10:45:55,19.3304,-99.18882,34.1
02/07/2018 10:45:56,19.33042,-99.18887,35.24
02/07/2018 10:45:57,19.33045,-99.18891,33.96
02/07/2018 10:45:58,19.33047,-99.18896,35.81
02/07/2018 10:45:59,19.33051,-99.18901,34.71
02/07/2018 10:46:00,19.33055,-99.18905,34.07
02/07/2018 10:46:01,19.33059,-99.18909,35.41
02/07/2018 10:46:02,19.33064,-99.18911,34.53
02/07/2018 10:46:03,19.33069,-99.18913,35.09
02/07/2018 10:46:04,19.33074,-99.18914,36.55
02/07/2018 10:46:05,19.3308,-99.18917,34.7
02/07/2018 10:46:06,19.33086,-99.18918,34.41
02/07/2018 10:46:07,19.33092,-99.18919,35.56
02/07/2018 10:46:08,19.33099,-99.1892,34.06
02/07/2018 10:46:09,19.33106,-99.1892,34.94
02/07/2018 10:46:10,19.33112,-99.18921,36.14
02/07/2018 10:46:11,19.33118,-99.18922,34.36
02/07/2018 10:46:12,19.33124,-99.18923,34.36
02/07/2018 10:46:13,19.3313,-99.18923,36.05
02/07/2018 10:46:14,19.33136,-99.18924,34.5
02/07/2018 10:46:15,19.33141,-99.18925,35.44
02/07/2018 10:46:16,19.33147,-99.18926,34.12
02/07/2018 10:46:17,19.33153,-99.18926,35.45
02/07/2018 10:46:18,19.33159,-99.18926,36.84
02/07/2018 10:46:19,19.33165,-99.18927,36.45
02/07/2018 10:46:20,19.3317,-99.18927,34.8
02/07/2018 10:46:21,19.33176,-99.18928,35.65
02/07/2018 10:46:22,19.33181,-99.18929,38.74
02/07/2018 10:46:23,19.33186,-99.18929,37.99
02/07/2018 10:46:24,19.33192,-99.1893,41.1
02/07/2018 10:46:25,19.33197,-99.18931,44.54
02/07/2018 10:46:26,19.33203,-99.18931,41.13
02/07/2018 10:46:27,19.33209,-99.18932,40.94
02/07/2018 10:46:28,19.33214,-99.18932,40.65
02/07/2018 10:46:29,19.3322,-99.18933,42.52
02/07/2018 10:46:30,19.33225,-99.18934,41.67
02/07/2018 10:46:31,19.33231,-99.18935,43.13
02/07/2018 10:46:32,19.33236,-99.18935,45.16
02/07/2018 10:46:33,19.33241,-99.18935,40.09
02/07/2018 10:46:34,19.33246,-99.18935,41.27
02/07/2018 10:46:35,19.3325,-99.18935,40.47
02/07/2018 10:46:36,19.33255,-99.18936,43.13
02/07/2018 10:46:37,19.3326,-99.18936,43.94
02/07/2018 10:46:38,19.33266,-99.18937,43.94
02/07/2018 10:46:39,19.33271,-99.18937,41.92
02/07/2018 10:46:40,19.33276,-99.18937,39.51
02/07/2018 10:46:41,19.33281,-99.18938,39.65
02/07/2018 10:46:42,19.33286,-99.18939,40.57
02/07/2018 10:46:43,19.33291,-99.18939,40.07
02/07/2018 10:46:44,19.33297,-99.1894,40.33
02/07/2018 10:46:45,19.33303,-99.1894,40.86
02/07/2018 10:46:46,19.33308,-99.18941,39.79
02/07/2018 10:46:47,19.33314,-99.18943,36.58
02/07/2018 10:46:48,19.33319,-99.18944,37.4
02/07/2018 10:46:49,19.33323,-99.18943,37.74
02/07/2018 10:46:50,19.33327,-99.18945,37.31
02/07/2018 10:46:51,19.33331,-99.18946,38.13
02/07/2018 10:46:52,19.33336,-99.18947,38.91
02/07/2018 10:46:53,19.3334,-99.18947,38.21
02/07/2018 10:46:54,19.33345,-99.18948,37.56
02/07/2018 10:46:55,19.3335,-99.18949,38.33
02/07/2018 10:46:56,19.33354,-99.18949,37.05
02/07/2018 10:46:57,19.3336,-99.1895,38.42
02/07/2018 10:46:58,19.33365,-99.18952,39.68
02/07/2018 10:46:59,19.3337,-99.18953,38.4
02/07/2018 10:47:00,19.33375,-99.18953,38.07
02/07/2018 10:47:01,19.33379,-99.18955,38.87
02/07/2018 10:47:02,19.33384,-99.18956,39.54
02/07/2018 10:47:03,19.33388,-99.18956,36.75
02/07/2018 10:47:04,19.33391,-99.18955,36.75
02/07/2018 10:47:05,19.33395,-99.18955,36.92
02/07/2018 10:47:06,19.33397,-99.18955,37.21
02/07/2018 10:47:07,19.33401,-99.18955,36.75
02/07/2018 10:47:08,19.33406,-99.18954,37.99
02/07/2018 10:47:09,19.3341,-99.18954,39.08
02/07/2018 10:47:10,19.33413,-99.18954,37.65
02/07/2018 10:47:11,19.33417,-99.18953,36.89
02/07/2018 10:47:12,19.33421,-99.18953,37.99
02/07/2018 10:47:13,19.33425,-99.18953,38.57
02/07/2018 10:47:14,19.33428,-99.18953,38.54
02/07/2018 10:47:15,19.33432,-99.18952,46.21
02/07/2018 10:47:16,19.33435,-99.1895,55.76
02/07/2018 10:47:17,19.33439,-99.18949,46.04
02/07/2018 10:47:18,19.33441,-99.18947,41.34
02/07/2018 10:47:19,19.33444,-99.18944,39.88
02/07/2018 10:47:20,19.33447,-99.1894,39.41
02/07/2018 10:47:21,19.33453,-99.18934,40.55
02/07/2018 10:47:22,19.33455,-99.18928,39.55
02/07/2018 10:47:23,19.33456,-99.18923,39.27
02/07/2018 10:47:24,19.33458,-99.18918,40.16
02/07/2018 10:47:25,19.3346,-99.18912,40.34
02/07/2018 10:47:26,19.3346,-99.18906,38.33
02/07/2018 10:47:27,19.3346,-99.189,39.64
02/07/2018 10:47:28,19.3346,-99.18894,37.66
02/07/2018 10:47:29,19.33459,-99.18887,39.64
02/07/2018 10:47:30,19.3346,-99.18881,39.64
02/07/2018 10:47:31,19.33461,-99.18875,38.07
02/07/2018 10:47:32,19.3346,-99.18867,40
02/07/2018 10:47:33,19.3346,-99.1886,38.99
02/07/2018 10:47:34,19.33461,-99.18852,39.21
02/07/2018 10:47:35,19.33462,-99.18845,40.08
02/07/2018 10:47:36,19.33462,-99.18838,41.33
02/07/2018 10:47:37,19.33463,-99.18831,39.52
02/07/2018 10:47:38,19.33464,-99.18823,40.9
02/07/2018 10:47:39,19.33465,-99.18816,38.64
02/07/2018 10:47:40,19.33466,-99.18808,40.73
02/07/2018 10:47:41,19.33467,-99.188,39.14
02/07/2018 10:47:42,19.33468,-99.18794,40.17
02/07/2018 10:47:43,19.33469,-99.18786,38.55
02/07/2018 10:47:44,19.3347,-99.18779,39.04
02/07/2018 10:47:45,19.33471,-99.18774,38.4
02/07/2018 10:47:46,19.33471,-99.1877,38.4
02/07/2018 10:47:47,19.33472,-99.18767,37.56
02/07/2018 10:47:48,19.33472,-99.18765,39.62
02/07/2018 10:47:49,19.33471,-99.18762,37.03
02/07/2018 10:47:50,19.33471,-99.18759,38.13
02/07/2018 10:47:51,19.33471,-99.18757,38.2
02/07/2018 10:47:52,19.33472,-99.18754,38.62
02/07/2018 10:47:53,19.33471,-99.18751,37.32
02/07/2018 10:47:54,19.33471,-99.18747,38.18
02/07/2018 10:47:55,19.33472,-99.18741,37.36
02/07/2018 10:47:56,19.33473,-99.18734,37.36
02/07/2018 10:47:57,19.33474,-99.18729,37.21
02/07/2018 10:47:58,19.33473,-99.18722,38.25
02/07/2018 10:47:59,19.33475,-99.18714,37.75
02/07/2018 10:48:00,19.33475,-99.18707,37.89
02/07/2018 10:48:01,19.33476,-99.187,38.89
02/07/2018 10:48:02,19.33477,-99.18692,39.25
02/07/2018 10:48:03,19.33477,-99.18685,39.1
02/07/2018 10:48:04,19.33478,-99.18678,40.37
02/07/2018 10:48:05,19.33479,-99.18672,39.18
02/07/2018 10:48:06,19.3348,-99.18666,37.34
02/07/2018 10:48:07,19.33481,-99.18659,37.88
02/07/2018 10:48:08,19.33481,-99.18653,38.07
02/07/2018 10:48:09,19.33482,-99.18646,37.84
02/07/2018 10:48:10,19.33483,-99.1864,37.21
02/07/2018 10:48:11,19.33484,-99.18633,38.57
02/07/2018 10:48:12,19.33486,-99.18626,37.5
02/07/2018 10:48:13,19.33487,-99.18619,38.37
02/07/2018 10:48:14,19.33488,-99.18612,38.73
02/07/2018 10:48:15,19.3349,-99.18605,38.02
02/07/2018 10:48:16,19.33491,-99.18597,38.52
02/07/2018 10:48:17,19.3349,-99.18591,37.05
02/07/2018 10:48:18,19.33491,-99.18584,38.33
02/07/2018 10:48:19,19.33493,-99.18578,39.93
02/07/2018 10:48:20,19.33493,-99.18572,38.42
02/07/2018 10:48:21,19.33493,-99.18568,37.47
02/07/2018 10:48:22,19.33494,-99.18564,37.47
02/07/2018 10:48:23,19.33495,-99.18559,38.69
02/07/2018 10:48:24,19.33494,-99.18552,38.62
02/07/2018 10:48:25,19.33494,-99.18546,37.96
02/07/2018 10:48:26,19.33495,-99.18539,38.05
02/07/2018 10:48:27,19.33497,-99.18533,37.27
02/07/2018 10:48:28,19.33498,-99.18526,37.62
02/07/2018 10:48:29,19.335,-99.18521,40.11
02/07/2018 10:48:30,19.33501,-99.18517,38.55
02/07/2018 10:48:31,19.33501,-99.18514,38.7
02/07/2018 10:48:32,19.33502,-99.18511,38.7
02/07/2018 10:48:33,19.33503,-99.18509,38.63
02/07/2018 10:48:34,19.33504,-99.18508,35.51
02/07/2018 10:48:35,19.33503,-99.18504,36.74
02/07/2018 10:48:36,19.33504,-99.18504,37.77
02/07/2018 10:48:37,19.33505,-99.18502,37.51
02/07/2018 10:48:38,19.33504,-99.18499,35.83
02/07/2018 10:48:39,19.33504,-99.18495,38.34
02/07/2018 10:48:40,19.33505,-99.18492,36.79
02/07/2018 10:48:41,19.33505,-99.18488,40.41
02/07/2018 10:48:42,19.33506,-99.18484,36.99
02/07/2018 10:48:43,19.33506,-99.1848,37.61
02/07/2018 10:48:44,19.33506,-99.18476,37.68
02/07/2018 10:48:45,19.33506,-99.18471,39.67
02/07/2018 10:48:46,19.33506,-99.18466,38.12
02/07/2018 10:48:47,19.33506,-99.18462,36.2
02/07/2018 10:48:48,19.33506,-99.18457,37.51
02/07/2018 10:48:49,19.33507,-99.18452,37.51
02/07/2018 10:48:50,19.33509,-99.18446,36.68
02/07/2018 10:48:51,19.33509,-99.18441,38.19
02/07/2018 10:48:52,19.33509,-99.18436,37.32
02/07/2018 10:48:53,19.33511,-99.18429,36.98
02/07/2018 10:48:54,19.33511,-99.18424,38.31
02/07/2018 10:48:55,19.33511,-99.18419,38.11
02/07/2018 10:48:56,19.33513,-99.18414,38.62
02/07/2018 10:48:57,19.33514,-99.18408,39.54
02/07/2018 10:48:58,19.33513,-99.18403,38.09
02/07/2018 10:48:59,19.33514,-99.18398,37.72
02/07/2018 10:49:00,19.33515,-99.18393,38.23
02/07/2018 10:49:01,19.33517,-99.18387,38.16
02/07/2018 10:49:02,19.33519,-99.18381,37.54
02/07/2018 10:49:03,19.3352,-99.18376,39.21
02/07/2018 10:49:04,19.33519,-99.18369,36.97
02/07/2018 10:49:05,19.3352,-99.18364,37.52
02/07/2018 10:49:06,19.3352,-99.18357,38.05
02/07/2018 10:49:07,19.3352,-99.18352,35.37
02/07/2018 10:49:08,19.33521,-99.18346,36.89
02/07/2018 10:49:09,19.33522,-99.1834,36.13
02/07/2018 10:49:10,19.33523,-99.18333,37.92
02/07/2018 10:49:11,19.33523,-99.18326,36.53
02/07/2018 10:49:12,19.33524,-99.1832,37.52
02/07/2018 10:49:13,19.33526,-99.18314,37.45
02/07/2018 10:49:14,19.33528,-99.18308,38.72
02/07/2018 10:49:15,19.3353,-99.18302,38.72
02/07/2018 10:49:16,19.3353,-99.18296,38.29
02/07/2018 10:49:17,19.33531,-99.1829,37.56
02/07/2018 10:49:18,19.33526,-99.18284,37.27
02/07/2018 10:49:19,19.33523,-99.18279,38.6
02/07/2018 10:49:20,19.3352,-99.18274,36.88
02/07/2018 10:49:21,19.33517,-99.18268,38.28
02/07/2018 10:49:22,19.33515,-99.18263,38.46
02/07/2018 10:49:23,19.33512,-99.18258,37.05
02/07/2018 10:49:24,19.33511,-99.18252,38.56
02/07/2018 10:49:25,19.3351,-99.18245,39.34
02/07/2018 10:49:26,19.33509,-99.18239,38.21
02/07/2018 10:49:27,19.33508,-99.18233,36.67
02/07/2018 10:49:28,19.33507,-99.18227,37.5
02/07/2018 10:49:29,19.33507,-99.18221,37.7
02/07/2018 10:49:30,19.33506,-99.18213,37.6
02/07/2018 10:49:31,19.33506,-99.18206,37.54
02/07/2018 10:49:32,19.33506,-99.18199,36.38
02/07/2018 10:49:33,19.33506,-99.18193,37.9
02/07/2018 10:49:34,19.33505,-99.18187,37.46
02/07/2018 10:49:35,19.33504,-99.18181,37.99
02/07/2018 10:49:36,19.33503,-99.18175,37.15
02/07/2018 10:49:37,19.33503,-99.1817,36.87
02/07/2018 10:49:38,19.33502,-99.18164,37.89
02/07/2018 10:49:39,19.33502,-99.18157,37.22
02/07/2018 10:49:40,19.33499,-99.18151,36.11
02/07/2018 10:49:41,19.33497,-99.18145,36.11
02/07/2018 10:49:42,19.33495,-99.18139,37.83
02/07/2018 10:49:43,19.33493,-99.18131,34.84
02/07/2018 10:49:44,19.33492,-99.18124,37.72
02/07/2018 10:49:45,19.3349,-99.18117,34.72
02/07/2018 10:49:46,19.33491,-99.1811,35.26
02/07/2018 10:49:47,19.3349,-99.18104,36.8
02/07/2018 10:49:48,19.33488,-99.18099,36.87
02/07/2018 10:49:49,19.33487,-99.18094,37.27
02/07/2018 10:49:50,19.33487,-99.18089,35.26
02/07/2018 10:49:51,19.33486,-99.18084,37.07
02/07/2018 10:49:52,19.33484,-99.18078,35.22
02/07/2018 10:49:53,19.3348,-99.18072,35.87
02/07/2018 10:49:54,19.33477,-99.18066,37.86
02/07/2018 10:49:55,19.33475,-99.18061,38.71
02/07/2018 10:49:56,19.33472,-99.18055,37.95
02/07/2018 10:49:57,19.3347,-99.18049,35.55
02/07/2018 10:49:58,19.33467,-99.18044,37.64
02/07/2018 10:49:59,19.33466,-99.18037,36.71
02/07/2018 10:50:00,19.33463,-99.18032,38.64
02/07/2018 10:50:01,19.33461,-99.18026,37.82
02/07/2018 10:50:02,19.33459,-99.18021,36.08
02/07/2018 10:50:03,19.33458,-99.18013,37.52
02/07/2018 10:50:04,19.33459,-99.18004,38.97
02/07/2018 10:50:05,19.33459,-99.17999,36.29
02/07/2018 10:50:06,19.33457,-99.17994,37.59
02/07/2018 10:50:07,19.33455,-99.17987,37.59
02/07/2018 10:50:08,19.33452,-99.17981,36.73
02/07/2018 10:50:09,19.3345,-99.17974,37.13
02/07/2018 10:50:10,19.33449,-99.17967,36.53
02/07/2018 10:50:11,19.33447,-99.17961,39.11
02/07/2018 10:50:12,19.33447,-99.17955,36.29
02/07/2018 10:50:13,19.33444,-99.1795,36.69
02/07/2018 10:50:14,19.33441,-99.17945,37.17
02/07/2018 10:50:15,19.33437,-99.1794,37.6
02/07/2018 10:50:16,19.33435,-99.17935,37.55
02/07/2018 10:50:17,19.33433,-99.17928,36.28
02/07/2018 10:50:18,19.33429,-99.17922,39.07
02/07/2018 10:50:19,19.33427,-99.17917,37.66
02/07/2018 10:50:20,19.33425,-99.1791,37.93
02/07/2018 10:50:21,19.33422,-99.17905,38.35
02/07/2018 10:50:22,19.3342,-99.17899,37.39
02/07/2018 10:50:23,19.33417,-99.17893,36.87
02/07/2018 10:50:24,19.33413,-99.17889,36.35
02/07/2018 10:50:25,19.33409,-99.17885,36.02
02/07/2018 10:50:26,19.33404,-99.17882,36.81
02/07/2018 10:50:27,19.33398,-99.17879,37.09
02/07/2018 10:50:28,19.33393,-99.17877,37.17
02/07/2018 10:50:29,19.33387,-99.17875,36.93
02/07/2018 10:50:30,19.33382,-99.17874,36.66
02/07/2018 10:50:31,19.33376,-99.17871,36.13
02/07/2018 10:50:32,19.3337,-99.1787,36.01
02/07/2018 10:50:33,19.33365,-99.1787,36.01
02/07/2018 10:50:34,19.33359,-99.17868,36.17
02/07/2018 10:50:35,19.33352,-99.17869,35.16
02/07/2018 10:50:36,19.33347,-99.1787,36.14
02/07/2018 10:50:37,19.33341,-99.17873,35.88
02/07/2018 10:50:38,19.33336,-99.17871,38.9
02/07/2018 10:50:39,19.33331,-99.17871,38.09
02/07/2018 10:50:40,19.33325,-99.17871,36.16
02/07/2018 10:50:41,19.33321,-99.17872,37.49
02/07/2018 10:50:42,19.33317,-99.17872667,35.84
02/07/2018 10:50:43,19.33313,-99.17873333,37.38
02/07/2018 10:50:44,19.33309,-99.17874,35.98
02/07/2018 10:50:45,19.33304,-99.17874,35.01
02/07/2018 10:50:46,19.33299,-99.17875,35.3
02/07/2018 10:50:47,19.33294,-99.17875,37.67
02/07/2018 10:50:48,19.33289,-99.17875,36.16
02/07/2018 10:50:49,19.33285,-99.17875,36.23
02/07/2018 10:50:50,19.3328,-99.17875,35.84
02/07/2018 10:50:51,19.33276,-99.17876,35.02
02/07/2018 10:50:52,19.33272,-99.17877,36.81
02/07/2018 10:50:53,19.33268,-99.17877,36.67
02/07/2018 10:50:54,19.33264,-99.17877,37.4
02/07/2018 10:50:55,19.3326,-99.17878,36.78
02/07/2018 10:50:56,19.33256,-99.17878,36.07
02/07/2018 10:50:57,19.33252,-99.17878,36.36
02/07/2018 10:50:58,19.33248,-99.17877,35.37
02/07/2018 10:50:59,19.33244,-99.17878,35.37
02/07/2018 10:51:00,19.3324,-99.17878,36.32
02/07/2018 10:51:01,19.33237,-99.17879,37.73
02/07/2018 10:51:02,19.33233,-99.1788,39.1
02/07/2018 10:51:03,19.33229,-99.1788,37.59
02/07/2018 10:51:04,19.33225,-99.1788,36.92
02/07/2018 10:51:05,19.33221,-99.1788,37.13
02/07/2018 10:51:06,19.33217,-99.1788,37.04
02/07/2018 10:51:07,19.33213,-99.1788,36.52
02/07/2018 10:51:08,19.33209,-99.17881,37.21
02/07/2018 10:51:09,19.33206,-99.17881,38.22
02/07/2018 10:51:10,19.33202,-99.17882,36.76
02/07/2018 10:51:11,19.33198,-99.17884,38.07
02/07/2018 10:51:12,19.33194,-99.17885,36.59
02/07/2018 10:51:13,19.3319,-99.17886,37.04
02/07/2018 10:51:14,19.33186,-99.17886,36.13
02/07/2018 10:51:15,19.33181,-99.17886,36.47
02/07/2018 10:51:16,19.33177,-99.17885,37.53
02/07/2018 10:51:17,19.33172,-99.17884,36.36
02/07/2018 10:51:18,19.33168,-99.17883,37.26
02/07/2018 10:51:19,19.33164,-99.17883,36.3
02/07/2018 10:51:20,19.33159,-99.17884,37.24
02/07/2018 10:51:21,19.33155,-99.17885,36.48
02/07/2018 10:51:22,19.33151,-99.17886,36.38
02/07/2018 10:51:23,19.33147,-99.17886,36.56
02/07/2018 10:51:24,19.33143,-99.17886,37.26
02/07/2018 10:51:25,19.33139,-99.17887,37.26
02/07/2018 10:51:26,19.33135,-99.17887,35.45
02/07/2018 10:51:27,19.33132,-99.17888,36.44
02/07/2018 10:51:28,19.33128,-99.17888,35.08
02/07/2018 10:51:29,19.33124,-99.17888,36.63
02/07/2018 10:51:30,19.3312,-99.17889,37.17
02/07/2018 10:51:31,19.33117,-99.17889,36.47
02/07/2018 10:51:32,19.33114,-99.1789,35.06
02/07/2018 10:51:33,19.33111,-99.1789,35.15
02/07/2018 10:51:34,19.33108,-99.17891,34.55
02/07/2018 10:51:35,19.33104,-99.17892,36.1
02/07/2018 10:51:36,19.33101,-99.17892,35.79
02/07/2018 10:51:37,19.33097,-99.17893,35.25
02/07/2018 10:51:38,19.33094,-99.17893,35.17
02/07/2018 10:51:39,19.3309,-99.17892,37.15
02/07/2018 10:51:40,19.33087,-99.17892,36.71
02/07/2018 10:51:41,19.33084,-99.17892,36.53
02/07/2018 10:51:42,19.3308,-99.17892,35.85
02/07/2018 10:51:43,19.33077,-99.17893,37.25
02/07/2018 10:51:44,19.33073,-99.17894,35.56
02/07/2018 10:51:45,19.3307,-99.17895,36.19
02/07/2018 10:51:46,19.33067,-99.17896,35.21
02/07/2018 10:51:47,19.33063,-99.17897,36.04
02/07/2018 10:51:48,19.3306,-99.17898,35.59
02/07/2018 10:51:49,19.33056,-99.179,36.96
02/07/2018 10:51:50,19.33052,-99.17902,35.97
02/07/2018 10:51:51,19.33048,-99.17903,35.97
02/07/2018 10:51:52,19.33044,-99.17904,36.03
02/07/2018 10:51:53,19.3304,-99.17904,37.2
02/07/2018 10:51:54,19.33036,-99.17904,35.89
02/07/2018 10:51:55,19.33033,-99.17902,36.05
02/07/2018 10:51:56,19.33031,-99.17899,38
02/07/2018 10:51:57,19.33029,-99.17896,36.49
02/07/2018 10:51:58,19.33029,-99.17892,35.08
02/07/2018 10:51:59,19.3303,-99.17888,35.65
02/07/2018 10:52:00,19.33031,-99.17884,36.38
02/07/2018 10:52:01,19.33033,-99.1788,35.69
02/07/2018 10:52:02,19.33035,-99.17876,35.58
02/07/2018 10:52:03,19.33037,-99.17873,36.86
02/07/2018 10:52:04,19.3304,-99.17869,36.99
02/07/2018 10:52:05,19.33044,-99.17867,38.24
02/07/2018 10:52:06,19.33048,-99.17866,37.35
02/07/2018 10:52:07,19.33053,-99.17865,36.82
02/07/2018 10:52:08,19.33058,-99.17865,36.16
02/07/2018 10:52:09,19.33063,-99.17865,36.43
02/07/2018 10:52:10,19.33067,-99.17864,35.62
02/07/2018 10:52:11,19.33072,-99.17864,35.15
02/07/2018 10:52:12,19.33077,-99.17863,35.34
02/07/2018 10:52:13,19.33085,-99.17864,36.04
02/07/2018 10:52:14,19.3309,-99.17863,36.16
02/07/2018 10:52:15,19.33095,-99.17862,35.54
02/07/2018 10:52:16,19.331,-99.17861,35.35
02/07/2018 10:52:17,19.33105,-99.1786,35.35
02/07/2018 10:52:18,19.3311,-99.17859,34.58
02/07/2018 10:52:19,19.33115,-99.17859,35.02
02/07/2018 10:52:20,19.33121,-99.17858,35.81
02/07/2018 10:52:21,19.33126,-99.17857,36.36
02/07/2018 10:52:22,19.33132,-99.17856,35.36
02/07/2018 10:52:23,19.33137,-99.17855,34.77
02/07/2018 10:52:24,19.33139,-99.17854,35.78
02/07/2018 10:52:25,19.33142,-99.17851,35.64
02/07/2018 10:52:26,19.33145,-99.17847,34.99
02/07/2018 10:52:27,19.33147,-99.17843,38.22
02/07/2018 10:52:28,19.33147,-99.17837,37.11
02/07/2018 10:52:29,19.33147,-99.17831,38.39
02/07/2018 10:52:30,19.33146,-99.17825,39.33
02/07/2018 10:52:31,19.33144,-99.17819,39.3
02/07/2018 10:52:32,19.33143,-99.17813,38.46
02/07/2018 10:52:33,19.33141,-99.17807,38.53
02/07/2018 10:52:34,19.33139,-99.17801,39.18
02/07/2018 10:52:35,19.33138,-99.17796,40.22
02/07/2018 10:52:36,19.33136,-99.17791,39.2
02/07/2018 10:52:37,19.33134,-99.17785,40.4
02/07/2018 10:52:38,19.33133,-99.1778,41.47
02/07/2018 10:52:39,19.33131,-99.17775,39.71
02/07/2018 10:52:40,19.3313,-99.1777,37.79
02/07/2018 10:52:41,19.33128,-99.17764,35.96
02/07/2018 10:52:42,19.33125,-99.17758,38.55
02/07/2018 10:52:43,19.33124,-99.17754,38.55
02/07/2018 10:52:44,19.33122,-99.17749,38.77
02/07/2018 10:52:45,19.3312,-99.17745,38.59
02/07/2018 10:52:46,19.33118,-99.1774,38.39
02/07/2018 10:52:47,19.33117,-99.17735,34.68
02/07/2018 10:52:48,19.33115,-99.17728,36.22
02/07/2018 10:52:49,19.33112,-99.17723,36.03
02/07/2018 10:52:50,19.3311,-99.17716,37.11
02/07/2018 10:52:51,19.33108,-99.1771,35.74
02/07/2018 10:52:52,19.33106,-99.17704,34.96
02/07/2018 10:52:53,19.33104,-99.177,35.07
02/07/2018 10:52:54,19.33102,-99.17695,35.45
02/07/2018 10:52:55,19.33099,-99.1769,35.7
02/07/2018 10:52:56,19.33093,-99.17687,35.09
02/07/2018 10:52:57,19.3309,-99.17684,35.6
02/07/2018 10:52:58,19.33085,-99.17681,35.18
02/07/2018 10:52:59,19.33081,-99.17677,36.04
02/07/2018 10:53:00,19.33077,-99.17675,34.93
02/07/2018 10:53:01,19.33073,-99.17672,35.96
02/07/2018 10:53:02,19.33068,-99.17669,36.97
02/07/2018 10:53:03,19.33064,-99.17666,34.56
02/07/2018 10:53:04,19.3306,-99.17663,36.82
02/07/2018 10:53:05,19.33056,-99.17661,39.87
02/07/2018 10:53:06,19.33052,-99.17659,41.24
02/07/2018 10:53:07,19.33048,-99.17657,41.19
02/07/2018 10:53:08,19.33044,-99.17654,40.08
02/07/2018 10:53:09,19.33041,-99.17652,40.08
02/07/2018 10:53:10,19.33038,-99.17649,38.87
02/07/2018 10:53:11,19.33034,-99.17646,38.69
02/07/2018 10:53:12,19.3303,-99.17643,38.88
02/07/2018 10:53:13,19.33025,-99.17641,36.67
02/07/2018 10:53:14,19.3302,-99.17637,39.15
02/07/2018 10:53:15,19.33016,-99.17634,37.44
02/07/2018 10:53:16,19.33012,-99.17631,37.24
02/07/2018 10:53:17,19.33008,-99.17627,37.01
02/07/2018 10:53:18,19.33004,-99.17624,35.71
02/07/2018 10:53:19,19.32999,-99.1762,37.89
02/07/2018 10:53:20,19.32993,-99.17618,36
02/07/2018 10:53:21,19.32988,-99.17615,37.3
02/07/2018 10:53:22,19.32985,-99.17612,36.48
02/07/2018 10:53:23,19.3298,-99.17609,37.65
02/07/2018 10:53:24,19.32976,-99.17606,35.07
02/07/2018 10:53:25,19.32972,-99.17604,35.57
02/07/2018 10:53:26,19.32967,-99.17601,35.1
02/07/2018 10:53:27,19.32962,-99.17599,35.46
02/07/2018 10:53:28,19.32957,-99.17595,35.91
02/07/2018 10:53:29,19.32953,-99.17593,35.2
02/07/2018 10:53:30,19.32948,-99.1759,35.34
02/07/2018 10:53:31,19.32945,-99.17584,37.27
02/07/2018 10:53:32,19.3294,-99.17582,35.6
02/07/2018 10:53:33,19.32936,-99.17579,34.36
02/07/2018 10:53:34,19.32931,-99.17575,35.2
02/07/2018 10:53:35,19.32927,-99.17571,35.2
02/07/2018 10:53:36,19.32924,-99.17568,36.02
02/07/2018 10:53:37,19.3292,-99.17564,35.38
02/07/2018 10:53:38,19.32917,-99.17561,36.14
02/07/2018 10:53:39,19.32913,-99.17558,35.79
02/07/2018 10:53:40,19.32909,-99.17556,34.89
02/07/2018 10:53:41,19.32906,-99.17551,34.28
02/07/2018 10:53:42,19.32902,-99.17548,36.17
02/07/2018 10:53:43,19.32899,-99.17546,35.93
02/07/2018 10:53:44,19.32896,-99.17544,36.35
02/07/2018 10:53:45,19.32892,-99.17542,34.97
02/07/2018 10:53:46,19.32888,-99.1754,34.14
02/07/2018 10:53:47,19.32884,-99.17539,37.42
02/07/2018 10:53:48,19.32879,-99.17539,35.94
02/07/2018 10:53:49,19.32875,-99.17538,36.56
02/07/2018 10:53:50,19.32871,-99.17537,37.28
02/07/2018 10:53:51,19.32867,-99.17537,34.61
02/07/2018 10:53:52,19.32862,-99.17536,35.9
02/07/2018 10:53:53,19.32857,-99.17536,35.25
02/07/2018 10:53:54,19.32852,-99.17536,35.17
02/07/2018 10:53:55,19.32848,-99.17536,34.36
02/07/2018 10:53:56,19.32843,-99.17535,36.31
02/07/2018 10:53:57,19.32838,-99.17534,33.6
02/07/2018 10:53:58,19.32834,-99.17534,35.02
02/07/2018 10:53:59,19.32828,-99.17533,35.55
02/07/2018 10:54:00,19.32823,-99.17533,37.17
02/07/2018 10:54:01,19.32818,-99.17532,34.78
02/07/2018 10:54:02,19.32813,-99.17531,34.78
02/07/2018 10:54:03,19.32808,-99.17531,34.71
02/07/2018 10:54:04,19.32803,-99.1753,35.6
02/07/2018 10:54:05,19.32798,-99.17529,35.88
02/07/2018 10:54:06,19.32793,-99.17528,36.03
02/07/2018 10:54:07,19.32787,-99.17527,35.53
02/07/2018 10:54:08,19.32784,-99.17527,34.63
02/07/2018 10:54:09,19.32777,-99.17529,36.04
02/07/2018 10:54:10,19.32773,-99.17528,36.81
02/07/2018 10:54:11,19.32768,-99.17527,36.32
02/07/2018 10:54:12,19.32763,-99.17526,35.84
02/07/2018 10:54:13,19.32757,-99.17525,39.7
02/07/2018 10:54:14,19.32752,-99.17524,41.75
02/07/2018 10:54:15,19.32748,-99.17523,42.81
02/07/2018 10:54:16,19.32743,-99.17522,40.06
02/07/2018 10:54:17,19.32738,-99.17521,41.78
02/07/2018 10:54:18,19.32729,-99.17519,37.95
02/07/2018 10:54:19,19.32722,-99.17517,38.6
02/07/2018 10:54:20,19.32717,-99.17519,38.64
02/07/2018 10:54:21,19.32713,-99.17518,39.6
02/07/2018 10:54:22,19.32711,-99.17519,40.76
02/07/2018 10:54:23,19.32707,-99.17518,38.51
02/07/2018 10:54:24,19.32704,-99.17517,40.38
02/07/2018 10:54:25,19.32701,-99.17518,38.22
02/07/2018 10:54:26,19.32697,-99.17518,35.5
02/07/2018 10:54:27,19.32693,-99.17518,34.51
02/07/2018 10:54:28,19.32688,-99.17517,34.51
02/07/2018 10:54:29,19.32685,-99.17516,33.82
02/07/2018 10:54:30,19.3268,-99.17514,35.67
02/07/2018 10:54:31,19.32676,-99.17514,35.72
02/07/2018 10:54:32,19.32673,-99.17512,34.47
02/07/2018 10:54:33,19.3267,-99.17511,34.99
02/07/2018 10:54:34,19.32667,-99.1751,34.37
02/07/2018 10:54:35,19.32663,-99.17509,38.87
02/07/2018 10:54:36,19.32659,-99.17507,39.8
02/07/2018 10:54:37,19.32655,-99.17505,41.28
02/07/2018 10:54:38,19.3265,-99.17503,41.49
02/07/2018 10:54:39,19.32643,-99.17502,39.78
02/07/2018 10:54:40,19.32638,-99.17501,43.79
02/07/2018 10:54:41,19.32632,-99.17499,49.82
02/07/2018 10:54:42,19.32629,-99.175,45.69
02/07/2018 10:54:43,19.32626,-99.175,42.59
02/07/2018 10:54:44,19.32624,-99.17501,40.32
02/07/2018 10:54:45,19.32618,-99.175,38.85
02/07/2018 10:54:46,19.32615,-99.175,36.2
02/07/2018 10:54:47,19.3261,-99.17501,34.82
02/07/2018 10:54:48,19.32605,-99.17502,35.61
02/07/2018 10:54:49,19.326,-99.17503,35.69
02/07/2018 10:54:50,19.32595,-99.17504,34.62
02/07/2018 10:54:51,19.32592,-99.17505,34.23
02/07/2018 10:54:52,19.32587,-99.17506,34.42
02/07/2018 10:54:53,19.32583,-99.17507,34.69
02/07/2018 10:54:54,19.32578,-99.17507,34.69
02/07/2018 10:54:55,19.32574,-99.17507,35.57
02/07/2018 10:54:56,19.3257,-99.17506,34.35
02/07/2018 10:54:57,19.32566,-99.17507,33.6
02/07/2018 10:54:58,19.32562,-99.17508,34.39
02/07/2018 10:54:59,19.32558,-99.17509,34.9
02/07/2018 10:55:00,19.32555,-99.17511,35.1
02/07/2018 10:55:01,19.32551,-99.17512,33.94
02/07/2018 10:55:02,19.32548,-99.17514,34.24
02/07/2018 10:55:03,19.32544,-99.17516,34.86
02/07/2018 10:55:04,19.3254,-99.17518,32.82
02/07/2018 10:55:05,19.32536,-99.17519,33.97
02/07/2018 10:55:06,19.32533,-99.17521,34.15
02/07/2018 10:55:07,19.32529,-99.17523,33.83
02/07/2018 10:55:08,19.32525,-99.17524,31.68
02/07/2018 10:55:09,19.32522,-99.17526,33.09
02/07/2018 10:55:10,19.32518,-99.17527,33.35
02/07/2018 10:55:11,19.32514,-99.17529,32.68
02/07/2018 10:55:12,19.3251,-99.1753,33.7
02/07/2018 10:55:13,19.32506,-99.17532,34.24
02/07/2018 10:55:14,19.32503,-99.17533,33.6
02/07/2018 10:55:15,19.32499,-99.17535,34.44
02/07/2018 10:55:16,19.32497,-99.17537,33.75
02/07/2018 10:55:17,19.32494,-99.1754,33.63
02/07/2018 10:55:18,19.32492,-99.17541,34.35
02/07/2018 10:55:19,19.3249,-99.17543,34.87
02/07/2018 10:55:20,19.32487,-99.17546,34.87
02/07/2018 10:55:21,19.32486,-99.17549,35.11
02/07/2018 10:55:22,19.32484,-99.17553,36.86
02/07/2018 10:55:23,19.32482,-99.17556,34.81
02/07/2018 10:55:24,19.32479,-99.17559,34.98
02/07/2018 10:55:25,19.32477,-99.17561,35.76
02/07/2018 10:55:26,19.32475,-99.17564,34.74
02/07/2018 10:55:27,19.32473,-99.17567,36.4
02/07/2018 10:55:28,19.32471,-99.1757,36.26
02/07/2018 10:55:29,19.32468,-99.17573,35.15
02/07/2018 10:55:30,19.32466,-99.17576,33.91
02/07/2018 10:55:31,19.32464,-99.17579,35.21
02/07/2018 10:55:32,19.32462,-99.17583,35.59
02/07/2018 10:55:33,19.3246,-99.17586,34.89
02/07/2018 10:55:34,19.32457,-99.1759,34.6
02/07/2018 10:55:35,19.32455,-99.17593,34.4
02/07/2018 10:55:36,19.32452,-99.17596,36.43
02/07/2018 10:55:37,19.32449,-99.17599,34.91
02/07/2018 10:55:38,19.32447,-99.17602,34.66
02/07/2018 10:55:39,19.32443,-99.17605,33.81
02/07/2018 10:55:40,19.32438,-99.17609,33.78
02/07/2018 10:55:41,19.32435,-99.17613,33.87
02/07/2018 10:55:42,19.32431,-99.17616,34.69
02/07/2018 10:55:43,19.32426,-99.17618,33.88
02/07/2018 10:55:44,19.32422,-99.17622,34.67
02/07/2018 10:55:45,19.32418,-99.17624,34.32
02/07/2018 10:55:46,19.32414,-99.17626,34.32
02/07/2018 10:55:47,19.3241,-99.17628,31.68
02/07/2018 10:55:48,19.32405,-99.17629,31.58
02/07/2018 10:55:49,19.32401,-99.17631,34
02/07/2018 10:55:50,19.32397,-99.17633,34.06
02/07/2018 10:55:51,19.32392,-99.17635,34.04
02/07/2018 10:55:52,19.32389,-99.17639,33.8
02/07/2018 10:55:53,19.32385,-99.17641,42.64
02/07/2018 10:55:54,19.32381,-99.17643,36.93
02/07/2018 10:55:55,19.32378,-99.17646,34.29
02/07/2018 10:55:56,19.32374,-99.17649,35.08
02/07/2018 10:55:57,19.3237,-99.17652,34.52
02/07/2018 10:55:58,19.32366,-99.17656,32.94
02/07/2018 10:55:59,19.32362,-99.1766,35.18
02/07/2018 10:56:00,19.32358,-99.17664,32.64
02/07/2018 10:56:01,19.32353,-99.17668,33.64
02/07/2018 10:56:02,19.32348,-99.17671,35.18
02/07/2018 10:56:03,19.32343,-99.17674,33.58
02/07/2018 10:56:04,19.3234,-99.17676,33.74
02/07/2018 10:56:05,19.32337,-99.17678,34.23
02/07/2018 10:56:06,19.32336,-99.17681,34.4
02/07/2018 10:56:07,19.32334,-99.17682,34.01
02/07/2018 10:56:08,19.32332,-99.17684,33.07
02/07/2018 10:56:09,19.32331,-99.17687,33.51
02/07/2018 10:56:10,19.32328,-99.17691,32.86
02/07/2018 10:56:11,19.32325,-99.17694,33.28
02/07/2018 10:56:12,19.32322,-99.17698,33.28
02/07/2018 10:56:13,19.32318,-99.17701,34.68
02/07/2018 10:56:14,19.32316,-99.17703,31.97
02/07/2018 10:56:15,19.32313,-99.17705,32.18
02/07/2018 10:56:16,19.3231,-99.17707,33.12
02/07/2018 10:56:17,19.32307,-99.1771,33.03
02/07/2018 10:56:18,19.32304,-99.17713,32.87
02/07/2018 10:56:19,19.32301,-99.17716,34.79
02/07/2018 10:56:20,19.32297,-99.17719,34.5
02/07/2018 10:56:21,19.32294,-99.17722,31.16
02/07/2018 10:56:22,19.32291,-99.17726,34.1
02/07/2018 10:56:23,19.32285,-99.17731,36.49
02/07/2018 10:56:24,19.32279,-99.17733,33.87
02/07/2018 10:56:25,19.32276,-99.17738,34.97
02/07/2018 10:56:26,19.32274,-99.17743,34.85
02/07/2018 10:56:27,19.3227,-99.17746,33.66
02/07/2018 10:56:28,19.32267,-99.17749,34.72
02/07/2018 10:56:29,19.32264,-99.17752,36.16
02/07/2018 10:56:30,19.32261,-99.17755,37.6
02/07/2018 10:56:31,19.32259,-99.1776,34.64
02/07/2018 10:56:32,19.32258,-99.17764,34.22
02/07/2018 10:56:33,19.32254,-99.17764,37.88
02/07/2018 10:56:34,19.32252,-99.17767,36.11
02/07/2018 10:56:35,19.3225,-99.1777,37.47
02/07/2018 10:56:36,19.32248,-99.17774,37.37
02/07/2018 10:56:37,19.32247,-99.17778,36.79
02/07/2018 10:56:38,19.32246,-99.17782,36.79
02/07/2018 10:56:39,19.32245,-99.17786,36.14
02/07/2018 10:56:40,19.32244,-99.1779,37.2
02/07/2018 10:56:41,19.32243,-99.17793,35.71
02/07/2018 10:56:42,19.32242,-99.17796,36.13
02/07/2018 10:56:43,19.32242,-99.178,35.76
02/07/2018 10:56:44,19.32241,-99.17803,35.17
02/07/2018 10:56:45,19.3224,-99.17807,36.1
02/07/2018 10:56:46,19.3224,-99.1781,35.53
02/07/2018 10:56:47,19.32239,-99.17814,36.59
02/07/2018 10:56:48,19.32239,-99.17816,37.52
02/07/2018 10:56:49,19.32239,-99.17818,35.65
02/07/2018 10:56:50,19.32239,-99.17821,37.58
02/07/2018 10:56:51,19.32239,-99.17823,35.88
02/07/2018 10:56:52,19.32239,-99.17825,36.85
02/07/2018 10:56:53,19.32239,-99.17825,37.18
02/07/2018 10:56:54,19.32239,-99.17825,38.19
02/07/2018 10:56:55,19.32238,-99.17825,39.06
02/07/2018 10:56:56,19.32238,-99.17825,36.81
02/07/2018 10:56:57,19.32238,-99.17826,38.68
02/07/2018 10:56:58,19.32238,-99.17826,37.65
02/07/2018 10:56:59,19.32238,-99.17826,38.99
02/07/2018 10:57:00,19.32239,-99.17825,39.73
02/07/2018 10:57:01,19.32239,-99.17825,41.41
02/07/2018 10:57:02,19.32239,-99.17825,38.85
02/07/2018 10:57:03,19.32239,-99.17825,40.24
02/07/2018 10:57:04,19.32238,-99.17825,40.24
02/07/2018 10:57:05,19.32238,-99.17825,39.19
02/07/2018 10:57:06,19.32237,-99.17825,38.62
02/07/2018 10:57:07,19.32236,-99.17824,39.65
02/07/2018 10:57:08,19.32235,-99.17824,39.81
02/07/2018 10:57:09,19.32234,-99.17825,39.17
02/07/2018 10:57:10,19.32232,-99.17826,38.77
02/07/2018 10:57:11,19.3223,-99.17828,40.76
02/07/2018 10:57:12,19.32227,-99.17829,40.95
02/07/2018 10:57:13,19.32225,-99.1783,42.93
02/07/2018 10:57:14,19.32223,-99.1783,40.16
02/07/2018 10:57:15,19.3222,-99.1783,41.14
02/07/2018 10:57:16,19.32218,-99.1783,41.93
02/07/2018 10:57:17,19.32216,-99.17829,40.89
02/07/2018 10:57:18,19.32213,-99.17828,41.42
02/07/2018 10:57:19,19.32212,-99.17826,40.41
02/07/2018 10:57:20,19.32211,-99.17823,40.06
02/07/2018 10:57:21,19.3221,-99.1782,54.07
02/07/2018 10:57:22,19.32209,-99.17815,69.18
02/07/2018 10:57:23,19.3221,-99.1781,47.04
02/07/2018 10:57:24,19.3221,-99.17804,43.79
02/07/2018 10:57:25,19.32211,-99.17796,42.07
02/07/2018 10:57:26,19.32213,-99.17789,39.26
02/07/2018 10:57:27,19.32214,-99.17783,41.62
02/07/2018 10:57:28,19.32215,-99.17776,43.37
02/07/2018 10:57:29,19.32217,-99.1777,43.18
02/07/2018 10:57:30,19.32219,-99.17764,43.18
02/07/2018 10:57:31,19.32221,-99.17757,42.43
02/07/2018 10:57:32,19.32223,-99.17751,42.47
02/07/2018 10:57:33,19.32225,-99.17745,40.93
02/07/2018 10:57:34,19.32228,-99.1774,44.5
02/07/2018 10:57:35,19.32229,-99.17734,40.78
02/07/2018 10:57:36,19.32232,-99.1773,41.69
02/07/2018 10:57:37,19.32234,-99.17726,39.13
02/07/2018 10:57:38,19.32236,-99.17723,40.56
02/07/2018 10:57:39,19.32238,-99.17719,39.62
02/07/2018 10:57:40,19.3224,-99.17715,40.73
02/07/2018 10:57:41,19.32242,-99.17711,38.52
02/07/2018 10:57:42,19.32244,-99.17707,40.01
02/07/2018 10:57:43,19.32248,-99.17704,38.75
02/07/2018 10:57:44,19.32251,-99.17701,38.88
02/07/2018 10:57:45,19.32254,-99.17698,40.04
02/07/2018 10:57:46,19.32256,-99.17696,42.84
02/07/2018 10:57:47,19.32259,-99.17693,41.24
02/07/2018 10:57:48,19.32262,-99.1769,41.9
02/07/2018 10:57:49,19.32265,-99.17687,41.28
02/07/2018 10:57:50,19.32268,-99.17684,41.72
02/07/2018 10:57:51,19.32271,-99.17681,42.09
02/07/2018 10:57:52,19.32274,-99.17678,40.76
02/07/2018 10:57:53,19.32276,-99.17675,40.85
02/07/2018 10:57:54,19.3228,-99.17671,39.83
02/07/2018 10:57:55,19.32283,-99.17668,40.83
02/07/2018 10:57:56,19.32287,-99.17666,40.83
02/07/2018 10:57:57,19.32289,-99.17662,40.71
02/07/2018 10:57:58,19.32292,-99.17659,40.5
02/07/2018 10:57:59,19.32296,-99.17656,40.61
02/07/2018 10:58:00,19.323,-99.17652,39
02/07/2018 10:58:01,19.32304,-99.1765,38.91
02/07/2018 10:58:02,19.32307,-99.17648,38.47
02/07/2018 10:58:03,19.32311,-99.17646,38.93
02/07/2018 10:58:04,19.32314,-99.17644,40.41
02/07/2018 10:58:05,19.32317,-99.17642,40.98
02/07/2018 10:58:06,19.32319,-99.17639,40.85
02/07/2018 10:58:07,19.32321,-99.17636,41.06
02/07/2018 10:58:08,19.32321,-99.17633,40.82
02/07/2018 10:58:09,19.32318,-99.17629,40.28
02/07/2018 10:58:10,19.32317,-99.17627,38.95
02/07/2018 10:58:11,19.32317,-99.17625,39.79
02/07/2018 10:58:12,19.32319,-99.17621,39.34
02/07/2018 10:58:13,19.3232,-99.17617,39.99
02/07/2018 10:58:14,19.32321,-99.17613,41.33
02/07/2018 10:58:15,19.32322,-99.17608,40.63
02/07/2018 10:58:16,19.32324,-99.176,39.72
02/07/2018 10:58:17,19.32324,-99.17594,41.12
02/07/2018 10:58:18,19.32326,-99.17588,39.89
02/07/2018 10:58:19,19.32328,-99.17582,38.23
02/07/2018 10:58:20,19.32328,-99.17576,39.14
02/07/2018 10:58:21,19.32329,-99.17569,41.06
02/07/2018 10:58:22,19.32329,-99.17562,41.06
02/07/2018 10:58:23,19.3233,-99.17555,39.75
02/07/2018 10:58:24,19.3233,-99.17548,39.81
02/07/2018 10:58:25,19.32331,-99.17541,38.98
02/07/2018 10:58:26,19.32331,-99.17534,38.76
02/07/2018 10:58:27,19.32332,-99.17528,44.7
02/07/2018 10:58:28,19.32332,-99.17524,61.65
02/07/2018 10:58:29,19.32334,-99.1752,55.81
02/07/2018 10:58:30,19.32334,-99.17517,49.65
02/07/2018 10:58:31,19.32335,-99.17513,43.67
02/07/2018 10:58:32,19.32337,-99.17509,44.56
02/07/2018 10:58:33,19.32339,-99.17506,43.52
02/07/2018 10:58:34,19.32341,-99.17502,45.41
02/07/2018 10:58:35,19.32344,-99.17498,45.3
02/07/2018 10:58:36,19.32347,-99.17495,45.94
02/07/2018 10:58:37,19.3235,-99.17494,46.82
02/07/2018 10:58:38,19.32353,-99.17493,47.02
02/07/2018 10:58:39,19.32356,-99.17493,43.84
02/07/2018 10:58:40,19.32359,-99.17492,44.3
02/07/2018 10:58:41,19.32362,-99.17492,45.77
02/07/2018 10:58:42,19.32364,-99.17492,46.86
02/07/2018 10:58:43,19.32365,-99.17492,45.84
02/07/2018 10:58:44,19.32366,-99.17492,44.72
02/07/2018 10:58:45,19.32367,-99.17491,43.83
02/07/2018 10:58:46,19.32369,-99.17491,42.53
02/07/2018 10:58:47,19.3237,-99.1749,42.74
02/07/2018 10:58:48,19.32372,-99.17489,42.74
02/07/2018 10:58:49,19.32374,-99.17488,45.44
02/07/2018 10:58:50,19.32375,-99.17487,43.45
02/07/2018 10:58:51,19.32378,-99.17487,42.42
02/07/2018 10:58:52,19.32381,-99.17487,43.2
02/07/2018 10:58:53,19.32385,-99.17487,44.36
02/07/2018 10:58:54,19.32388,-99.17487,42.49
02/07/2018 10:58:55,19.32391,-99.17487,45.1
02/07/2018 10:58:56,19.32394,-99.17488,44.34
02/07/2018 10:58:57,19.32397,-99.17488,44.48
02/07/2018 10:58:58,19.32401,-99.17488,46.3
02/07/2018 10:58:59,19.32405,-99.17489,43.79
02/07/2018 10:59:00,19.32409,-99.17489,45.28
02/07/2018 10:59:01,19.32414,-99.17488,45.23
02/07/2018 10:59:02,19.32418,-99.17488,45.59
02/07/2018 10:59:03,19.32423,-99.17487,44.13
02/07/2018 10:59:04,19.32427,-99.17487,46.6
02/07/2018 10:59:05,19.32432,-99.17487,46.78
02/07/2018 10:59:06,19.32437,-99.17487,47.19
02/07/2018 10:59:07,19.32441,-99.17487,47.02
02/07/2018 10:59:08,19.32445,-99.17486,47.04
02/07/2018 10:59:09,19.3245,-99.17486,49.03
02/07/2018 10:59:10,19.32454,-99.17484,46.84
02/07/2018 10:59:11,19.32459,-99.17484,47.68
02/07/2018 10:59:12,19.32463,-99.17482,47.47
02/07/2018 10:59:13,19.32467,-99.17482,48.78
02/07/2018 10:59:14,19.32472,-99.17481,48.43
02/07/2018 10:59:15,19.32476,-99.17481,48.43
02/07/2018 10:59:16,19.32481,-99.17481,47.3
02/07/2018 10:59:17,19.32486,-99.17481,48.97
02/07/2018 10:59:18,19.32491,-99.17481,47.11
02/07/2018 10:59:19,19.32496,-99.17482,46.8
02/07/2018 10:59:20,19.32501,-99.17481,46.44
02/07/2018 10:59:21,19.32505,-99.17481,47.03
02/07/2018 10:59:22,19.3251,-99.1748,48.98
02/07/2018 10:59:23,19.32514,-99.1748,48.41
02/07/2018 10:59:24,19.32519,-99.1748,47.58
02/07/2018 10:59:25,19.32523,-99.1748,46.41
02/07/2018 10:59:26,19.32527,-99.17479,46.85
02/07/2018 10:59:27,19.32533,-99.17478,46.23
02/07/2018 10:59:28,19.32536,-99.17478,46.53
02/07/2018 10:59:29,19.32539,-99.17479,45.61
02/07/2018 10:59:30,19.32543,-99.1748,44.35
02/07/2018 10:59:31,19.3255,-99.17479,44.49
02/07/2018 10:59:32,19.32557,-99.17479,46.02
02/07/2018 10:59:33,19.32561,-99.1748,45.49
02/07/2018 10:59:34,19.32567,-99.1748,45.83
02/07/2018 10:59:35,19.32571,-99.1748,48.13
02/07/2018 10:59:36,19.32577,-99.17479,47.78
02/07/2018 10:59:37,19.32583,-99.17479,46.84
02/07/2018 10:59:38,19.32588,-99.17478,48.89
02/07/2018 10:59:39,19.32594,-99.17478,47.71
02/07/2018 10:59:40,19.32599,-99.17477,47.67
02/07/2018 10:59:41,19.32606,-99.17476,47.67
02/07/2018 10:59:42,19.32612,-99.17477,46.82
02/07/2018 10:59:43,19.32619,-99.17476,45.65
02/07/2018 10:59:44,19.32626,-99.17475,46.91
02/07/2018 10:59:45,19.32631,-99.17474,45.25
02/07/2018 10:59:46,19.32637,-99.17474,47.09
02/07/2018 10:59:47,19.32639,-99.17473,46.39
02/07/2018 10:59:48,19.32645,-99.17472,46.47
02/07/2018 10:59:49,19.32648,-99.17473,46.31
02/07/2018 10:59:50,19.32653,-99.17473,47.44
02/07/2018 10:59:51,19.32659,-99.17472,46.07
02/07/2018 10:59:52,19.32663,-99.17473,48.63
02/07/2018 10:59:53,19.32668,-99.17473,46.3
02/07/2018 10:59:54,19.32674,-99.17473,48.44
02/07/2018 10:59:55,19.3268,-99.17474,46.58
02/07/2018 10:59:56,19.32687,-99.17475,48.22
02/07/2018 10:59:57,19.3269,-99.17475,47.6
02/07/2018 10:59:58,19.32695,-99.17475,47.36
02/07/2018 10:59:59,19.32702,-99.17475,46.76
02/07/2018 11:00:00,19.32707,-99.17476,47.29
02/07/2018 11:00:01,19.32713,-99.17475,46.41
02/07/2018 11:00:02,19.32717,-99.17474,48.32
02/07/2018 11:00:03,19.32722,-99.17475,48.54
02/07/2018 11:00:04,19.32726,-99.17476,48.05
02/07/2018 11:00:05,19.32731,-99.17477,47.58
02/07/2018 11:00:06,19.32735,-99.17477,45.06
02/07/2018 11:00:07,19.3274,-99.17477,45.06
02/07/2018 11:00:08,19.32744,-99.17479,47.28
02/07/2018 11:00:09,19.32748,-99.17479,47.63
02/07/2018 11:00:10,19.32751,-99.1748,48.73
02/07/2018 11:00:11,19.32755,-99.17481,47.57
02/07/2018 11:00:12,19.32759,-99.17481,49.93
02/07/2018 11:00:13,19.32764,-99.17479,49.96
02/07/2018 11:00:14,19.32769,-99.1748,51.1
02/07/2018 11:00:15,19.32774,-99.1748,49
02/07/2018 11:00:16,19.32778,-99.17481,49.72
02/07/2018 11:00:17,19.32784,-99.17482,51.05
02/07/2018 11:00:18,19.32789,-99.17482,49.95
02/07/2018 11:00:19,19.32793,-99.17482,50.65
02/07/2018 11:00:20,19.32797,-99.17483,52.32
02/07/2018 11:00:21,19.32802,-99.17484,51.63
02/07/2018 11:00:22,19.32806,-99.17484,49.36
02/07/2018 11:00:23,19.3281,-99.17485,48.72
02/07/2018 11:00:24,19.32815,-99.17485,50.45
02/07/2018 11:00:25,19.32819,-99.17486,48.64
02/07/2018 11:00:26,19.32824,-99.17487,49.1
02/07/2018 11:00:27,19.32829,-99.17488,49.81
02/07/2018 11:00:28,19.32832,-99.17489,50.04
02/07/2018 11:00:29,19.32836,-99.17491,49.47
02/07/2018 11:00:30,19.3284,-99.17492,49.23
02/07/2018 11:00:31,19.32844,-99.17493,50.18
02/07/2018 11:00:32,19.32847,-99.17493,51.71
02/07/2018 11:00:33,19.32852,-99.17494,51.71
02/07/2018 11:00:34,19.32855,-99.17495,49.01
02/07/2018 11:00:35,19.32859,-99.17495,48.68
02/07/2018 11:00:36,19.32862,-99.17496,49.15
02/07/2018 11:00:37,19.32866,-99.17498,49.39
02/07/2018 11:00:38,19.3287,-99.17499,48.13
02/07/2018 11:00:39,19.32873,-99.17501,48.99
02/07/2018 11:00:40,19.32877,-99.17502,48.63
02/07/2018 11:00:41,19.32881,-99.17504,46.97
02/07/2018 11:00:42,19.32884,-99.17505,47.67
02/07/2018 11:00:43,19.32888,-99.17507,48.94
02/07/2018 11:00:44,19.32891,-99.1751,46.34
02/07/2018 11:00:45,19.32895,-99.17513,47.16
02/07/2018 11:00:46,19.32898,-99.17516,48
02/07/2018 11:00:47,19.32902,-99.1752,46.28
02/07/2018 11:00:48,19.32905,-99.17524,49.57
02/07/2018 11:00:49,19.32909,-99.17528,49.57
02/07/2018 11:00:50,19.3291,-99.1753,51.13
02/07/2018 11:00:51,19.32914,-99.17534,49.33
02/07/2018 11:00:52,19.32917,-99.17538,49.9
02/07/2018 11:00:53,19.3292,-99.17541,47.97
02/07/2018 11:00:54,19.32925,-99.17545,48.67
02/07/2018 11:00:55,19.32929,-99.17551,49.23
02/07/2018 11:00:56,19.32933,-99.17556,46.1
02/07/2018 11:00:57,19.32937,-99.17561,50.53
02/07/2018 11:00:58,19.32942,-99.17565,49.13
02/07/2018 11:00:59,19.32946,-99.17571,49.13
02/07/2018 11:01:00,19.32951,-99.17576,48.24
02/07/2018 11:01:01,19.32956,-99.17581,47.53
02/07/2018 11:01:02,19.32961,-99.17586,49.79
02/07/2018 11:01:03,19.32966,-99.1759,48.43
02/07/2018 11:01:04,19.32971,-99.17594,49.3
02/07/2018 11:01:05,19.32976,-99.17598,48.97
02/07/2018 11:01:06,19.32981,-99.17602,49.26
02/07/2018 11:01:07,19.32986,-99.17605,49.14
02/07/2018 11:01:08,19.32992,-99.17608,48.46
02/07/2018 11:01:09,19.32998,-99.17611,49.21
02/07/2018 11:01:10,19.33003,-99.17614,48.19
02/07/2018 11:01:11,19.33009,-99.17616,50.76
02/07/2018 11:01:12,19.33013,-99.17621,48.37
02/07/2018 11:01:13,19.33018,-99.17624,50.55
02/07/2018 11:01:14,19.33022,-99.17627,50.17
02/07/2018 11:01:15,19.33026,-99.17629,50.48
02/07/2018 11:01:16,19.33031,-99.17633,50.31
02/07/2018 11:01:17,19.33036,-99.17636,49.21
02/07/2018 11:01:18,19.33041,-99.17639,50.77
02/07/2018 11:01:19,19.33045,-99.17641,50.4
02/07/2018 11:01:20,19.33049,-99.17643,50.41
02/07/2018 11:01:21,19.33053,-99.17645,48.44
02/07/2018 11:01:22,19.33057,-99.17649,48.76
02/07/2018 11:01:23,19.33061,-99.17652,48.04
02/07/2018 11:01:24,19.33065,-99.17654,48.21
02/07/2018 11:01:25,19.33069,-99.17657,48.21
02/07/2018 11:01:26,19.33074,-99.1766,48.28
02/07/2018 11:01:27,19.3308,-99.17665,49
02/07/2018 11:01:28,19.33086,-99.17667,48.5
02/07/2018 11:01:29,19.33091,-99.17671,48
02/07/2018 11:01:30,19.33095,-99.17675,49.68
02/07/2018 11:01:31,19.33098,-99.17679,48.26
02/07/2018 11:01:32,19.33103,-99.17681,47.75
02/07/2018 11:01:33,19.33107,-99.17686,48.24
02/07/2018 11:01:34,19.3311,-99.17691,48.45
02/07/2018 11:01:35,19.33113,-99.17695,48.82
02/07/2018 11:01:36,19.33115,-99.17701,45.9
02/07/2018 11:01:37,19.33116,-99.17707,46.88
02/07/2018 11:01:38,19.33119,-99.17713,45.06
02/07/2018 11:01:39,19.33121,-99.17718,46.87
02/07/2018 11:01:40,19.33124,-99.17724,46.05
02/07/2018 11:01:41,19.33125,-99.17728,46.92
02/07/2018 11:01:42,19.33127,-99.17733,47.25
02/07/2018 11:01:43,19.33128,-99.17738,46.4
02/07/2018 11:01:44,19.3313,-99.17743,47.5
02/07/2018 11:01:45,19.33129,-99.17748,45.54
02/07/2018 11:01:46,19.3313,-99.17753,46.48
02/07/2018 11:01:47,19.3313,-99.17758,46.73
02/07/2018 11:01:48,19.33132,-99.17762,47.14
02/07/2018 11:01:49,19.33134,-99.17765,47.28
02/07/2018 11:01:50,19.33135,-99.17769,46.64
02/07/2018 11:01:51,19.33136,-99.17772,46.64
02/07/2018 11:01:52,19.33137,-99.17774,47.58
02/07/2018 11:01:53,19.33139,-99.17778,45.51
02/07/2018 11:01:54,19.3314,-99.17781,46.77
02/07/2018 11:01:55,19.33142,-99.17785,47.37
02/07/2018 11:01:56,19.33143,-99.17789,47.04
02/07/2018 11:01:57,19.33144,-99.17792,45.85
02/07/2018 11:01:58,19.33146,-99.17796,47.21
02/07/2018 11:01:59,19.33147,-99.178,46.73
02/07/2018 11:02:00,19.33148,-99.17804,47.59
02/07/2018 11:02:01,19.3315,-99.17808,47.37
02/07/2018 11:02:02,19.33154,-99.17812,48.67
02/07/2018 11:02:03,19.33155,-99.17817,48.05
02/07/2018 11:02:04,19.33157,-99.17821,49.87
02/07/2018 11:02:05,19.33158,-99.17827,49.06
02/07/2018 11:02:06,19.3316,-99.17831,48.69
02/07/2018 11:02:07,19.33162,-99.17835,47.42
02/07/2018 11:02:08,19.33163,-99.17839,47.17
02/07/2018 11:02:09,19.33166,-99.17842,48.43
02/07/2018 11:02:10,19.33168,-99.17846,45.65
02/07/2018 11:02:11,19.3317,-99.17848,47.65
02/07/2018 11:02:12,19.33172,-99.1785,47.4
02/07/2018 11:02:13,19.33177,-99.1785,47
02/07/2018 11:02:14,19.33182,-99.17852,47.62
02/07/2018 11:02:15,19.33188,-99.17853,47.29
02/07/2018 11:02:16,19.33195,-99.17854,47.01
02/07/2018 11:02:17,19.33201,-99.17854,47.01
02/07/2018 11:02:18,19.33208,-99.17853,44.85
02/07/2018 11:02:19,19.33214,-99.1785,47.57
02/07/2018 11:02:20,19.33223,-99.17849,46.61
02/07/2018 11:02:21,19.33229,-99.17848,46.24
02/07/2018 11:02:22,19.33234,-99.17848,44.85
02/07/2018 11:02:23,19.33237,-99.1785,44.84
02/07/2018 11:02:24,19.3324,-99.17853,47.55
02/07/2018 11:02:25,19.3324,-99.17858,48.62
02/07/2018 11:02:26,19.33239,-99.17861,46.52
02/07/2018 11:02:27,19.33238,-99.17865,46.39
02/07/2018 11:02:28,19.33237,-99.17865,46.45
02/07/2018 11:02:29,19.33235,-99.17868,47.76
02/07/2018 11:02:30,19.33233,-99.1787,46.41
02/07/2018 11:02:31,19.33229,-99.17872,45.96
02/07/2018 11:02:32,19.33224,-99.17875,45.38
02/07/2018 11:02:33,19.33219,-99.17876,47.4
02/07/2018 11:02:34,19.33216,-99.17878,45.4
02/07/2018 11:02:35,19.33212,-99.17879,47.57
02/07/2018 11:02:36,19.33208,-99.1788,46.16
02/07/2018 11:02:37,19.33204,-99.17881,48.76
02/07/2018 11:02:38,19.332,-99.17882,47.19
02/07/2018 11:02:39,19.33197,-99.17882,47.83
02/07/2018 11:02:40,19.33193,-99.17883,48.21
02/07/2018 11:02:41,19.33189,-99.17884,48.98
02/07/2018 11:02:42,19.33185,-99.17886,50.45
02/07/2018 11:02:43,19.33181,-99.17887,50.45
02/07/2018 11:02:44,19.33177,-99.17889,49.87
02/07/2018 11:02:45,19.33173,-99.17891,49.65
02/07/2018 11:02:46,19.3317,-99.17893,46.86
02/07/2018 11:02:47,19.33166,-99.17896,46.14
02/07/2018 11:02:48,19.33163,-99.17898,47.47
02/07/2018 11:02:49,19.3316,-99.17901,48.21
02/07/2018 11:02:50,19.33157,-99.17903,48.61
02/07/2018 11:02:51,19.33154,-99.17906,48.77
02/07/2018 11:02:52,19.3315,-99.17908,48.96
02/07/2018 11:02:53,19.33147,-99.17911,48.63
02/07/2018 11:02:54,19.33144,-99.17915,49.3
02/07/2018 11:02:55,19.33141,-99.17918,48.94
02/07/2018 11:02:56,19.33138,-99.17921,49.19
02/07/2018 11:02:57,19.33135,-99.17925,49.05
02/07/2018 11:02:58,19.33132,-99.17928,49.9
02/07/2018 11:02:59,19.33129,-99.17931,50.04
02/07/2018 11:03:00,19.33126,-99.17934,50.26
02/07/2018 11:03:01,19.33124,-99.17936,49.9
02/07/2018 11:03:02,19.33122,-99.17939,48.83
02/07/2018 11:03:03,19.3312,-99.17941,48.14
02/07/2018 11:03:04,19.33118,-99.17944,48.4
02/07/2018 11:03:05,19.33116,-99.17946,48.12
02/07/2018 11:03:06,19.33114,-99.17949,47.21
02/07/2018 11:03:07,19.3311,-99.17953,47.87
02/07/2018 11:03:08,19.33107,-99.17957,49.23
02/07/2018 11:03:09,19.33105,-99.17962,49.23
02/07/2018 11:03:10,19.33102,-99.17966,48.19
02/07/2018 11:03:11,19.33101,-99.17971,48.53
02/07/2018 11:03:12,19.33099,-99.17977,47.73
02/07/2018 11:03:13,19.33098,-99.17982,45.99
02/07/2018 11:03:14,19.33096,-99.17987,46.66
02/07/2018 11:03:15,19.33093,-99.17998,44.65
02/07/2018 11:03:16,19.33092,-99.18003,45.28
02/07/2018 11:03:17,19.33091,-99.18008,42.98
02/07/2018 11:03:18,19.3309,-99.18013,45.38
02/07/2018 11:03:19,19.3309,-99.18018,45.98
02/07/2018 11:03:20,19.33089,-99.18023,49.53
02/07/2018 11:03:21,19.33089,-99.18027,49.47
02/07/2018 11:03:22,19.33088,-99.18032,49.25
02/07/2018 11:03:23,19.33088,-99.18036,46.96
02/07/2018 11:03:24,19.33087,-99.18041,46.14
02/07/2018 11:03:25,19.33087,-99.18045,45.92
02/07/2018 11:03:26,19.33087,-99.1805,47.73
02/07/2018 11:03:27,19.33087,-99.18054,46.05
02/07/2018 11:03:28,19.33086,-99.18058,44.99
02/07/2018 11:03:29,19.33086,-99.18062,44.98
02/07/2018 11:03:30,19.33086,-99.18066,44.54
02/07/2018 11:03:31,19.33086,-99.1807,41.29
02/07/2018 11:03:32,19.33086,-99.18074,42.79
02/07/2018 11:03:33,19.33086,-99.18078,44.33
02/07/2018 11:03:34,19.33086,-99.18082,42.99
02/07/2018 11:03:35,19.33085,-99.18085,42.99
02/07/2018 11:03:36,19.33085,-99.18089,42.46
02/07/2018 11:03:37,19.33085,-99.18093,42.76
02/07/2018 11:03:38,19.33085,-99.18098,41.95
02/07/2018 11:03:39,19.33086,-99.18102,41.9
02/07/2018 11:03:40,19.33086,-99.18107,42.52
02/07/2018 11:03:41,19.33086,-99.18111,42.49
02/07/2018 11:03:42,19.33086,-99.18116,42.53
02/07/2018 11:03:43,19.33086,-99.1812,43.17
02/07/2018 11:03:44,19.33086,-99.18125,41.82
02/07/2018 11:03:45,19.33086,-99.1813,42.21
02/07/2018 11:03:46,19.33086,-99.18134,41.39
02/07/2018 11:03:47,19.33086,-99.18139,43.76
02/07/2018 11:03:48,19.33085,-99.18144,42.9
02/07/2018 11:03:49,19.33084,-99.18148,43.01
02/07/2018 11:03:50,19.33084,-99.18152,41.82
02/07/2018 11:03:51,19.33083,-99.18156,40.61
02/07/2018 11:03:52,19.33083,-99.18161,41.22
02/07/2018 11:03:53,19.33083,-99.18165,41.59
02/07/2018 11:03:54,19.33082,-99.18169,41.8
02/07/2018 11:03:55,19.33082,-99.18174,41.68
02/07/2018 11:03:56,19.33082,-99.18178,42.25
02/07/2018 11:03:57,19.33082,-99.18182,42.37
02/07/2018 11:03:58,19.33082,-99.18187,42.4
02/07/2018 11:03:59,19.33081,-99.18191,42.41
02/07/2018 11:04:00,19.33081,-99.18195,43.63
02/07/2018 11:04:01,19.3308,-99.18199,43.63
02/07/2018 11:04:02,19.3308,-99.18202,40.52
02/07/2018 11:04:03,19.3308,-99.18205,42.03
02/07/2018 11:04:04,19.3308,-99.18209,43.32
02/07/2018 11:04:05,19.3308,-99.18213,43.57
02/07/2018 11:04:06,19.33081,-99.18217,43.16
02/07/2018 11:04:07,19.3308,-99.18221,42.88
02/07/2018 11:04:08,19.3308,-99.18225,43.59
02/07/2018 11:04:09,19.33079,-99.18229,43.39
02/07/2018 11:04:10,19.33079,-99.18233,43.17
02/07/2018 11:04:11,19.33079,-99.18237,43.83
02/07/2018 11:04:12,19.33079,-99.18241,44.45
02/07/2018 11:04:13,19.3308,-99.18245,42.96
02/07/2018 11:04:14,19.3308,-99.18248,42.51
02/07/2018 11:04:15,19.3308,-99.18251,44.41
02/07/2018 11:04:16,19.3308,-99.18254,43.98
02/07/2018 11:04:17,19.3308,-99.18257,43.52
02/07/2018 11:04:18,19.33079,-99.18261,46.14
02/07/2018 11:04:19,19.33079,-99.18265,45.46
02/07/2018 11:04:20,19.33079,-99.1827,43.92
02/07/2018 11:04:21,19.33079,-99.18275,45.35
02/07/2018 11:04:22,19.33079,-99.1828,46.51
02/07/2018 11:04:23,19.33079,-99.18284,45.41
02/07/2018 11:04:24,19.3308,-99.18286,43.53
02/07/2018 11:04:25,19.33079,-99.18289,44.47
02/07/2018 11:04:26,19.33079,-99.18291,42.73
02/07/2018 11:04:27,19.33079,-99.18295,43.02
02/07/2018 11:04:28,19.33079,-99.18298,43.02
02/07/2018 11:04:29,19.3308,-99.18301,46.29
02/07/2018 11:04:30,19.3308,-99.18304,43.52
02/07/2018 11:04:31,19.3308,-99.18307,44.05
02/07/2018 11:04:32,19.3308,-99.1831,43.98
02/07/2018 11:04:33,19.33079,-99.18314,44.58
02/07/2018 11:04:34,19.33079,-99.18318,43.34
02/07/2018 11:04:35,19.33078,-99.18321,44.18
02/07/2018 11:04:36,19.33078,-99.18325,42.7
02/07/2018 11:04:37,19.33078,-99.18328,43.05
02/07/2018 11:04:38,19.33077,-99.18332,44.12
02/07/2018 11:04:39,19.33077,-99.18335,43.54
02/07/2018 11:04:40,19.33077,-99.18339,44.46
02/07/2018 11:04:41,19.33077,-99.18342,45.62
02/07/2018 11:04:42,19.33076,-99.18345,45.52
02/07/2018 11:04:43,19.33076,-99.18349,45.33
02/07/2018 11:04:44,19.33076,-99.18353,47.37
02/07/2018 11:04:45,19.33075,-99.18358,47.46
02/07/2018 11:04:46,19.33074,-99.18362,49.2
02/07/2018 11:04:47,19.33074,-99.18366,46.52
02/07/2018 11:04:48,19.33074,-99.1837,47.55
02/07/2018 11:04:49,19.33073,-99.18374,46.17
02/07/2018 11:04:50,19.33073,-99.18379,46.73
02/07/2018 11:04:51,19.33073,-99.18383,46.33
02/07/2018 11:04:52,19.33072,-99.18386,47.94
02/07/2018 11:04:53,19.33072,-99.1839,46.13
02/07/2018 11:04:54,19.33072,-99.18394,46.13
02/07/2018 11:04:55,19.33071,-99.18398,48.34
02/07/2018 11:04:56,19.33071,-99.18402,46.85
02/07/2018 11:04:57,19.33071,-99.18407,50.06
02/07/2018 11:04:58,19.33072,-99.18411,47.73
02/07/2018 11:04:59,19.33072,-99.18416,48.08
02/07/2018 11:05:00,19.33073,-99.1842,45.47
02/07/2018 11:05:01,19.33073,-99.18424,49.39
02/07/2018 11:05:02,19.33073,-99.18428,49.39
02/07/2018 11:05:03,19.33073,-99.18432,849.12
02/07/2018 11:05:04,19.33073,-99.18437,706.72
02/07/2018 11:05:05,19.33072,-99.18441,706.72
02/07/2018 11:05:06,19.33072,-99.18444,151.87
02/07/2018 11:05:07,19.33071,-99.18448,96.41
02/07/2018 11:05:08,19.33071,-99.18451,76.99
02/07/2018 11:05:09,19.3307,-99.18455,61.82
02/07/2018 11:05:10,19.33071,-99.18457,58.58
02/07/2018 11:05:11,19.33072,-99.1846,56.44
02/07/2018 11:05:12,19.33073,-99.18462,53.79
02/07/2018 11:05:13,19.33073,-99.18464,51.3
02/07/2018 11:05:14,19.33073,-99.18467,51.73
02/07/2018 11:05:15,19.33072,-99.18471,50.8
02/07/2018 11:05:16,19.33072,-99.18476,51.18
02/07/2018 11:05:17,19.33072,-99.1848,50.49
02/07/2018 11:05:18,19.33072,-99.18485,51.32
02/07/2018 11:05:19,19.33072,-99.18489,48.14
02/07/2018 11:05:20,19.33072,-99.18493,48.84
02/07/2018 11:05:21,19.33072,-99.18496,49.45
02/07/2018 11:05:22,19.33072,-99.185,48.78
02/07/2018 11:05:23,19.33072,-99.18504,48.78
02/07/2018 11:05:24,19.33073,-99.18507,48.45
02/07/2018 11:05:25,19.33073,-99.18511,47.77
02/07/2018 11:05:26,19.33073,-99.18514,46.91
02/07/2018 11:05:27,19.33073,-99.18518,47.32
02/07/2018 11:05:28,19.33072,-99.18521,49.25
02/07/2018 11:05:29,19.33072,-99.18525,46.88
02/07/2018 11:05:30,19.33071,-99.18528,47.41
02/07/2018 11:05:31,19.33071,-99.18532,46.7
02/07/2018 11:05:32,19.3307,-99.18537,48.06
02/07/2018 11:05:33,19.3307,-99.18544,47.64
02/07/2018 11:05:34,19.3307,-99.18549,48.39
02/07/2018 11:05:35,19.33068,-99.18555,47.61
02/07/2018 11:05:36,19.33068,-99.18559,47.72
02/07/2018 11:05:37,19.33068,-99.18562,46.49
02/07/2018 11:05:38,19.33067,-99.18565,46.85
02/07/2018 11:05:39,19.33067,-99.18568,48.7
02/07/2018 11:05:40,19.33067,-99.18571,48.52
02/07/2018 11:05:41,19.33067,-99.18573,49.09
02/07/2018 11:05:42,19.33067,-99.18576,48.29
02/07/2018 11:05:43,19.33067,-99.1858,47.66
02/07/2018 11:05:44,19.33067,-99.18584,48.61
02/07/2018 11:05:45,19.33066,-99.18587,47.85
02/07/2018 11:05:46,19.33065,-99.1859,47.85
02/07/2018 11:05:47,19.33064,-99.18593,47.63
02/07/2018 11:05:48,19.33064,-99.18596,46.53
02/07/2018 11:05:49,19.33063,-99.18599,48.93
02/07/2018 11:05:50,19.33063,-99.18602,47.48
02/07/2018 11:05:51,19.33063,-99.18605,47.1
02/07/2018 11:05:52,19.33063,-99.18609,47.36
02/07/2018 11:05:53,19.33063,-99.18614,49.53
02/07/2018 11:05:54,19.33063,-99.18618,49.01
02/07/2018 11:05:55,19.33062,-99.18623,49.35
02/07/2018 11:05:56,19.33061,-99.1863,49.22
02/07/2018 11:05:57,19.3306,-99.18635,46.89
02/07/2018 11:05:58,19.3306,-99.18639,48.45
02/07/2018 11:05:59,19.3306,-99.18643,49.77
02/07/2018 11:06:00,19.33061,-99.18646,48.43
02/07/2018 11:06:01,19.3306,-99.1865,48.01
02/07/2018 11:06:02,19.3306,-99.18653,48.47
02/07/2018 11:06:03,19.33059,-99.18657,49.25
02/07/2018 11:06:04,19.33058,-99.1866,48.83
02/07/2018 11:06:05,19.33058,-99.18663,46.94
02/07/2018 11:06:06,19.33058,-99.18666,48.37
02/07/2018 11:06:07,19.33058,-99.1867,47.03
02/07/2018 11:06:08,19.33058,-99.18672,48.3
02/07/2018 11:06:09,19.33058,-99.18675,48.52
02/07/2018 11:06:10,19.33058,-99.18678,49.62
02/07/2018 11:06:11,19.33058,-99.1868,48.44
02/07/2018 11:06:12,19.33058,-99.18681,48.44
02/07/2018 11:06:13,19.33058,-99.18683,49.09
02/07/2018 11:06:14,19.33058,-99.18683,48.96
02/07/2018 11:06:15,19.33058,-99.18683,50.01
02/07/2018 11:06:16,19.33058,-99.18684,49.81
02/07/2018 11:06:17,19.33058,-99.18685,50.42
02/07/2018 11:06:18,19.33057,-99.18685,49.88
02/07/2018 11:06:19,19.33057,-99.18685,48.07
02/07/2018 11:06:20,19.33057,-99.18685,48.6
02/07/2018 11:06:21,19.33057,-99.18685,48.44
02/07/2018 11:06:22,19.33057,-99.18686,47.82
02/07/2018 11:06:23,19.33057,-99.18686,48.18
02/07/2018 11:06:24,19.33057,-99.18686,47.75
02/07/2018 11:06:25,19.33057,-99.18686,47.62
02/07/2018 11:06:26,19.33058,-99.18686,46.87
02/07/2018 11:06:27,19.33058,-99.18686,47.1
02/07/2018 11:06:28,19.33058,-99.18686,47.38
02/07/2018 11:06:29,19.33058,-99.18686,47.6
02/07/2018 11:06:30,19.33058,-99.18686,49.59
02/07/2018 11:06:31,19.33058,-99.18686,47.81
02/07/2018 11:06:32,19.33059,-99.18686,48.53
02/07/2018 11:06:33,19.33059,-99.18686,47.95
02/07/2018 11:06:34,19.33059,-99.18686,48.67
02/07/2018 11:06:35,19.33059,-99.18686,48.3
02/07/2018 11:06:36,19.33059,-99.18686,47.37
02/07/2018 11:06:37,19.33059,-99.18686,47.98
02/07/2018 11:06:38,19.33059,-99.18686,47.98
02/07/2018 11:06:39,19.33059,-99.18686,49.04
02/07/2018 11:06:40,19.33059,-99.18686,46.88
02/07/2018 11:06:41,19.33059,-99.18686,46.81
02/07/2018 11:06:42,19.33059,-99.18686,46.63
02/07/2018 11:06:43,19.33058,-99.18686,49.22
02/07/2018 11:06:44,19.33059,-99.18687,46.91
